source,retrieved_at,ranking_scope,ranking_year,ranking,name,university_code,university_slug,country,country_code,country_ranking,score,indicator_alumni,indicator_award,indicator_hici,indicator_n_s,indicator_pub,indicator_pcp
arwu,2026-07-19T13:10:45+00:00,overall,2005,1,Harvard University,,harvard-university,United States,US,1,100.0,100.0,100.0,100.0,100.0,100.0,72.4
arwu,2026-07-19T13:10:45+00:00,overall,2005,2,University of Cambridge,,university-of-cambridge,United Kingdom,GB,1,73.6,99.8,93.4,53.3,56.6,70.9,66.9
arwu,2026-07-19T13:10:45+00:00,overall,2005,3,Stanford University,,stanford-university,United States,US,2,73.4,41.1,72.2,88.5,70.9,72.3,65.0
arwu,2026-07-19T13:10:45+00:00,overall,2005,4,"University of California, Berkeley",,university-of-california-berkeley,United States,US,3,72.8,71.8,76.0,69.4,73.9,72.2,52.7
arwu,2026-07-19T13:10:45+00:00,overall,2005,5,Massachusetts Institute of Technology (MIT),,massachusetts-institute-of-technology-mit,United States,US,4,70.1,74.0,80.6,66.7,65.8,64.3,53.0
arwu,2026-07-19T13:10:45+00:00,overall,2005,6,California Institute of Technology,,california-institute-of-technology,United States,US,5,67.1,59.2,68.6,59.8,65.8,52.5,100.0
arwu,2026-07-19T13:10:45+00:00,overall,2005,7,Columbia University,,columbia-university,United States,US,6,62.3,79.4,60.6,56.1,54.2,69.5,45.4
arwu,2026-07-19T13:10:45+00:00,overall,2005,8,Princeton University,,princeton-university,United States,US,7,60.9,63.4,76.8,60.9,48.7,48.5,59.1
arwu,2026-07-19T13:10:45+00:00,overall,2005,9,University of Chicago,,university-of-chicago,United States,US,8,60.1,75.6,81.9,50.3,44.7,56.4,42.2
arwu,2026-07-19T13:10:45+00:00,overall,2005,10,University of Oxford,,university-of-oxford,United Kingdom,GB,2,59.7,64.3,59.1,48.4,55.6,68.4,53.2
arwu,2026-07-19T13:10:45+00:00,overall,2005,11,Yale University,,yale-university,United States,US,9,56.9,52.1,44.5,60.3,57.2,63.9,49.3
arwu,2026-07-19T13:10:45+00:00,overall,2005,12,Cornell University,,cornell-university,United States,US,10,54.6,46.5,52.4,55.0,48.8,66.3,39.8
arwu,2026-07-19T13:10:45+00:00,overall,2005,13,"University of California, San Diego",,university-of-california-san-diego,United States,US,11,51.0,17.7,34.7,59.8,56.5,64.5,46.6
arwu,2026-07-19T13:10:45+00:00,overall,2005,14,"University of California, Los Angeles",,university-of-california-los-angeles,United States,US,12,50.6,27.3,32.8,56.7,50.1,75.6,34.3
arwu,2026-07-19T13:10:45+00:00,overall,2005,15,University of Pennsylvania,,university-of-pennsylvania,United States,US,13,50.2,35.5,35.1,56.7,42.9,71.8,39.1
arwu,2026-07-19T13:10:45+00:00,overall,2005,16,University of Wisconsin - Madison,,university-of-wisconsin-madison,United States,US,14,49.2,43.0,36.3,52.1,46.3,68.7,29.0
arwu,2026-07-19T13:10:45+00:00,overall,2005,17,University of Washington,,university-of-washington,United States,US,15,48.4,28.8,32.4,53.9,47.1,73.8,27.2
arwu,2026-07-19T13:10:45+00:00,overall,2005,18,"University of California, San Francisco",,university-of-california-san-francisco,United States,US,16,47.8,0.0,37.6,55.6,57.9,58.8,45.2
arwu,2026-07-19T13:10:45+00:00,overall,2005,19,The Johns Hopkins University,,johns-hopkins-university,United States,US,17,46.9,51.4,28.3,41.6,52.2,67.7,24.9
arwu,2026-07-19T13:10:45+00:00,overall,2005,20,The University of Tokyo,,the-university-of-tokyo,Japan,JP,1,46.7,36.0,14.4,38.5,52.1,86.5,34.7
arwu,2026-07-19T13:10:45+00:00,overall,2005,21,University of Michigan - Ann Arbor,,university-of-michigan-ann-arbor,United States,US,18,44.9,43.0,0.0,61.9,43.0,76.5,30.9
arwu,2026-07-19T13:10:45+00:00,overall,2005,22,Kyoto University,,kyoto-university,Japan,JP,2,43.8,39.7,34.1,34.2,37.0,72.3,31.1
arwu,2026-07-19T13:10:45+00:00,overall,2005,23,The Imperial College of Science,,imperial-college-london,United Kingdom,GB,3,43.7,20.8,38.1,40.8,38.2,64.6,40.3
arwu,2026-07-19T13:10:45+00:00,overall,2005,24,University of Toronto,,university-of-toronto,Canada,CA,1,43.1,28.1,19.7,39.3,38.9,76.7,41.9
arwu,2026-07-19T13:10:45+00:00,overall,2005,25,University of Illinois at Urbana-Champaign,,university-of-illinois-at-urbana-champaign,United States,US,19,42.8,41.6,37.4,44.4,34.1,58.0,26.0
arwu,2026-07-19T13:10:45+00:00,overall,2005,26,University College London,,university-college-london,United Kingdom,GB,4,42.6,30.7,32.9,37.7,41.5,60.5,38.8
arwu,2026-07-19T13:10:45+00:00,overall,2005,27,Swiss Federal Institute of Technology Zurich,,eth-zurich,Switzerland,CH,1,41.7,40.2,37.0,35.1,41.1,43.4,52.4
arwu,2026-07-19T13:10:45+00:00,overall,2005,28,Washington University in St. Louis,,washington-university-in-st-louis,United States,US,20,40.7,25.1,26.6,38.5,46.5,53.9,39.9
arwu,2026-07-19T13:10:45+00:00,overall,2005,29,New York University,,new-york-university,United States,US,21,38.8,33.8,25.0,43.0,35.3,55.4,26.3
arwu,2026-07-19T13:10:45+00:00,overall,2005,30,Rockefeller University,,rockefeller-university,United States,US,22,38.2,22.6,59.8,28.3,44.1,24.0,35.9
arwu,2026-07-19T13:10:45+00:00,overall,2005,31,Northwestern University,,northwestern-university,United States,US,23,37.9,21.7,19.3,44.4,33.8,57.6,36.2
arwu,2026-07-19T13:10:45+00:00,overall,2005,32,Duke University,,duke-university,United States,US,24-25,37.7,20.8,0.0,47.1,45.3,60.8,38.9
arwu,2026-07-19T13:10:45+00:00,overall,2005,32,University of Minnesota,,university-of-minnesota-twin-cities,United States,US,24-25,37.7,36.0,0.0,49.7,35.2,68.4,23.8
arwu,2026-07-19T13:10:45+00:00,overall,2005,34,"University of California, Santa Barbara",,university-of-california-santa-barbara,United States,US,26,36.9,0.0,36.0,42.3,39.0,44.1,35.8
arwu,2026-07-19T13:10:45+00:00,overall,2005,35,University of Colorado at Boulder,,university-of-colorado-at-boulder,United States,US,27,36.3,16.6,29.8,40.8,36.6,46.3,29.5
arwu,2026-07-19T13:10:45+00:00,overall,2005,36,The University of Texas at Austin,,the-university-of-texas-at-austin,United States,US,28,35.5,21.7,17.1,49.1,30.0,54.8,21.7
arwu,2026-07-19T13:10:45+00:00,overall,2005,37,University of British Columbia,,university-of-british-columbia,Canada,CA,2,35.4,20.8,19.3,32.4,32.5,60.4,33.9
arwu,2026-07-19T13:10:45+00:00,overall,2005,38,The University of Texas Southwestern Medical Center at Dallas,,the-university-of-texas-southwestern-medical-center-at-dallas,United States,US,29,34.8,24.3,33.9,31.4,38.2,37.9,31.0
arwu,2026-07-19T13:10:45+00:00,overall,2005,39,Pennsylvania State University - University Park,,pennsylvania-state-university-university-park,United States,US,30-31,33.4,14.0,0.0,45.8,37.9,59.9,24.0
arwu,2026-07-19T13:10:45+00:00,overall,2005,39,Vanderbilt University,,vanderbilt-university,United States,US,30-31,33.4,12.5,30.2,34.2,24.5,49.2,35.6
arwu,2026-07-19T13:10:45+00:00,overall,2005,41,"University of California, Davis",,university-of-california-davis,United States,US,32,32.9,0.0,0.0,46.5,34.5,64.0,29.8
arwu,2026-07-19T13:10:45+00:00,overall,2005,41,Utrecht University,,utrecht-university,Netherlands,NL,1,32.9,30.7,21.4,27.2,27.3,55.7,25.9
arwu,2026-07-19T13:10:45+00:00,overall,2005,43,Rutgers,,rutgers-the-state-university-of-new-jersey-new-brunswick,United States,US,33-34,32.3,15.4,20.4,36.9,32.9,47.1,24.1
arwu,2026-07-19T13:10:45+00:00,overall,2005,43,University of Pittsburgh,,university-of-pittsburgh,United States,US,33-34,32.3,25.1,0.0,40.1,25.9,64.3,28.2
arwu,2026-07-19T13:10:45+00:00,overall,2005,45,Karolinska Institute,,karolinska-institute,Sweden,SE,1,32.1,30.7,27.8,33.3,19.7,47.3,25.1
arwu,2026-07-19T13:10:45+00:00,overall,2005,46,Pierre and Marie Curie University - Paris 6,,pierre-and-marie-curie-university-paris-6,France,FR,1,32.0,35.7,23.9,23.6,24.2,51.2,30.0
arwu,2026-07-19T13:10:45+00:00,overall,2005,47,The University of Edinburgh,,the-university-of-edinburgh,United Kingdom,GB,5,31.8,22.6,17.1,26.1,35.8,49.4,29.9
arwu,2026-07-19T13:10:45+00:00,overall,2005,47,"University of California, Irvine",,university-of-california-irvine,United States,US,35-36,31.8,0.0,30.0,32.4,28.5,48.2,31.1
arwu,2026-07-19T13:10:45+00:00,overall,2005,47,"University of Maryland, College Park",,university-of-maryland-college-park,United States,US,35-36,31.8,25.9,0.0,40.8,33.6,54.6,25.6
arwu,2026-07-19T13:10:45+00:00,overall,2005,50,University of Southern California,,university-of-southern-california,United States,US,37,31.7,0.0,27.3,37.7,23.6,52.8,25.8
arwu,2026-07-19T13:10:45+00:00,overall,2005,51,University of Munich,,university-of-munich,Germany,DE,1,31.4,37.1,21.1,15.7,30.4,51.9,30.0
arwu,2026-07-19T13:10:45+00:00,overall,2005,52,Technical University Munich,,technical-university-of-munich,Germany,DE,2,31.3,43.0,24.1,24.8,20.7,46.5,29.2
arwu,2026-07-19T13:10:45+00:00,overall,2005,53,The University of Manchester,,the-university-of-manchester,United Kingdom,GB,6,31.2,27.3,19.3,23.6,22.6,57.3,30.4
arwu,2026-07-19T13:10:45+00:00,overall,2005,54,Carnegie Mellon University,,carnegie-mellon-university,United States,US,38,30.8,30.7,33.5,32.4,14.7,38.3,31.4
arwu,2026-07-19T13:10:45+00:00,overall,2005,55,University of North Carolina at Chapel Hill,,university-of-north-carolina-at-chapel-hill,United States,US,39,30.3,12.5,0.0,35.1,32.8,59.5,27.3
arwu,2026-07-19T13:10:45+00:00,overall,2005,56,The Australian National University,,the-australian-national-university,Australia,AU,1,30.2,17.7,12.9,36.9,29.0,45.1,27.8
arwu,2026-07-19T13:10:45+00:00,overall,2005,57,University of Copenhagen,,university-of-copenhagen,Denmark,DK,1,30.0,30.7,24.7,23.6,22.8,45.7,27.7
arwu,2026-07-19T13:10:45+00:00,overall,2005,57,University of Florida,,university-of-florida,United States,US,40,30.0,15.4,0.0,35.1,25.0,65.2,25.8
arwu,2026-07-19T13:10:45+00:00,overall,2005,57,University of Zurich,,university-of-zurich,Switzerland,CH,2,30.0,12.5,27.3,19.2,30.3,47.2,30.6
arwu,2026-07-19T13:10:45+00:00,overall,2005,60,Uppsala University,,uppsala-university,Sweden,SE,2,29.9,25.9,32.9,11.1,28.7,49.1,21.6
arwu,2026-07-19T13:10:45+00:00,overall,2005,61,University of Paris Sud (Paris 11),,university-of-paris-sud-paris-11,France,FR,2,29.4,33.2,34.2,13.6,19.6,44.9,27.9
arwu,2026-07-19T13:10:45+00:00,overall,2005,62,Osaka University,,osaka-university,Japan,JP,3,29.3,12.5,0.0,23.6,31.1,66.8,29.2
arwu,2026-07-19T13:10:45+00:00,overall,2005,63,The Ohio State University - Columbus,,the-ohio-state-university-columbus,United States,US,41,29.2,17.7,0.0,40.8,21.5,61.2,19.5
arwu,2026-07-19T13:10:45+00:00,overall,2005,64,University of Bristol,,university-of-bristol,United Kingdom,GB,7,28.8,10.9,18.2,30.4,24.5,47.5,27.4
arwu,2026-07-19T13:10:45+00:00,overall,2005,65,The University of Sheffield,,the-university-of-sheffield,United Kingdom,GB,8,28.6,23.5,14.4,23.6,29.2,46.6,27.1
arwu,2026-07-19T13:10:45+00:00,overall,2005,65,University of Rochester,,university-of-rochester,United States,US,42,28.6,33.2,9.1,27.2,25.3,43.0,36.1
arwu,2026-07-19T13:10:45+00:00,overall,2005,67,McGill University,,mcgill-university,Canada,CA,3,28.4,28.8,0.0,28.3,23.6,56.8,30.0
arwu,2026-07-19T13:10:45+00:00,overall,2005,67,Moscow State University,,moscow-state-university,Russia,RU,1,28.4,51.4,34.9,0.0,7.5,54.0,31.6
arwu,2026-07-19T13:10:45+00:00,overall,2005,69,Case Western Reserve University,,case-western-reserve-university,United States,US,43,28.3,40.7,11.8,20.8,23.0,44.8,33.7
arwu,2026-07-19T13:10:45+00:00,overall,2005,69,University of Oslo,,university-of-oslo,Norway,NO,1,28.3,25.9,34.1,17.6,18.2,41.5,26.4
arwu,2026-07-19T13:10:45+00:00,overall,2005,71,University of Heidelberg,,heidelberg-university,Germany,DE,3,28.0,10.9,27.7,20.8,20.9,48.1,26.9
arwu,2026-07-19T13:10:45+00:00,overall,2005,72,Leiden University,,leiden-university,Netherlands,NL,2,27.9,25.1,15.8,27.2,19.3,46.7,28.1
arwu,2026-07-19T13:10:45+00:00,overall,2005,73,Tohoku University,,tohoku-university,Japan,JP,4,27.8,18.8,0.0,19.2,26.9,65.3,29.0
arwu,2026-07-19T13:10:45+00:00,overall,2005,73,University of Arizona,,university-of-arizona,United States,US,44,27.8,0.0,0.0,29.4,36.8,55.8,25.7
arwu,2026-07-19T13:10:45+00:00,overall,2005,75,Purdue University - West Lafayette,,purdue-university-west-lafayette,United States,US,45,27.7,18.8,17.1,27.2,21.4,49.8,19.4
arwu,2026-07-19T13:10:45+00:00,overall,2005,76,University of Helsinki,,university-of-helsinki,Finland,FI,1,27.4,18.8,18.2,15.7,21.4,54.5,27.5
arwu,2026-07-19T13:10:45+00:00,overall,2005,77,Michigan State University,,michigan-state-university,United States,US,46,26.9,12.5,0.0,37.7,26.6,51.0,18.7
arwu,2026-07-19T13:10:45+00:00,overall,2005,78,Rice University,,rice-university,United States,US,47,26.2,21.7,22.3,23.6,24.4,30.8,31.0
arwu,2026-07-19T13:10:45+00:00,overall,2005,78,The Hebrew University of Jerusalem,,the-hebrew-university-of-jerusalem,Israel,IL,1,26.2,33.2,0.0,23.6,27.1,46.6,26.9
arwu,2026-07-19T13:10:45+00:00,overall,2005,80,Boston University,,boston-university,United States,US,48,26.1,15.4,0.0,31.4,28.1,50.8,17.5
arwu,2026-07-19T13:10:45+00:00,overall,2005,80,King's College London,,kings-college-london,United Kingdom,GB,9,26.1,16.6,23.5,20.8,17.4,44.6,24.8
arwu,2026-07-19T13:10:45+00:00,overall,2005,82,University of Melbourne,,the-university-of-melbourne,Australia,AU,2,26.0,15.4,14.4,22.2,18.7,53.5,19.9
arwu,2026-07-19T13:10:45+00:00,overall,2005,83,University of Nottingham,,university-of-nottingham,United Kingdom,GB,10,25.9,15.4,20.4,20.8,19.0,45.6,24.8
arwu,2026-07-19T13:10:45+00:00,overall,2005,84,University of Goettingen,,university-of-goettingen,Germany,DE,4,25.8,38.7,20.4,15.7,17.5,40.2,24.5
arwu,2026-07-19T13:10:45+00:00,overall,2005,85,University of Vienna,,university-of-vienna,Austria,AT,1,25.6,25.1,15.8,7.9,22.7,52.2,26.4
arwu,2026-07-19T13:10:45+00:00,overall,2005,86,Brown University,,brown-university,United States,US,49,25.4,0.0,13.9,29.4,25.5,40.7,27.9
arwu,2026-07-19T13:10:45+00:00,overall,2005,87,Indiana University Bloomington,,indiana-university-bloomington,United States,US,50,25.2,14.0,18.2,24.8,21.2,42.0,18.2
arwu,2026-07-19T13:10:45+00:00,overall,2005,87,University of Basel,,university-of-basel,Switzerland,CH,3,25.2,25.9,17.5,19.2,21.4,34.5,33.8
arwu,2026-07-19T13:10:45+00:00,overall,2005,89,Texas A&M University - College Station,,texas-a-m-university,United States,US,51,25.1,0.0,0.0,32.4,24.4,55.0,20.4
arwu,2026-07-19T13:10:45+00:00,overall,2005,90,McMaster University,,mcmaster-university,Canada,CA,4,24.9,16.6,19.3,22.2,15.9,43.5,23.9
arwu,2026-07-19T13:10:45+00:00,overall,2005,90,University of Freiburg,,university-of-freiburg,Germany,DE,5,24.9,25.1,21.4,17.6,18.2,39.5,23.2
arwu,2026-07-19T13:10:45+00:00,overall,2005,92,University of Strasbourg,,university-of-strasbourg,France,FR,3,24.7,29.4,22.9,19.2,19.5,32.7,22.4
arwu,2026-07-19T13:10:45+00:00,overall,2005,93,Ecole Normale Superieure - Paris,,ecole-normale-superieure-paris,France,FR,4,24.6,47.8,25.0,13.6,18.1,27.2,23.3
arwu,2026-07-19T13:10:45+00:00,overall,2005,93,Stockholm University,,stockholm-university,Sweden,SE,3,24.6,29.4,30.2,15.7,14.3,35.3,18.9
arwu,2026-07-19T13:10:45+00:00,overall,2005,93,Tokyo Institute of Technology,,tokyo-institute-of-technology,Japan,JP,5,24.6,16.6,0.0,22.2,22.5,50.6,31.5
arwu,2026-07-19T13:10:45+00:00,overall,2005,93,University of Utah,,university-of-utah,United States,US,52,24.6,0.0,0.0,30.4,31.4,45.5,24.8
arwu,2026-07-19T13:10:45+00:00,overall,2005,97,University of Roma - La Sapienza,,sapienza-university-of-rome,Italy,IT,1,24.5,16.6,15.8,11.1,21.8,54.6,15.1
arwu,2026-07-19T13:10:45+00:00,overall,2005,98,University of Birmingham,,university-of-birmingham,United Kingdom,GB,11,24.4,25.1,11.2,22.2,13.4,47.0,24.5
arwu,2026-07-19T13:10:45+00:00,overall,2005,99,Lund University,,lund-university,Sweden,SE,4,24.3,29.4,0.0,24.8,19.4,50.1,18.1
arwu,2026-07-19T13:10:45+00:00,overall,2005,100,Tufts University,,tufts-university,United States,US,53,23.9,18.8,17.1,20.8,19.1,37.4,25.2
arwu,2026-07-19T13:10:45+00:00,overall,2005,101-152,Aarhus University,,aarhus-university,Denmark,DK,2,,15.4,19.3,7.9,22.3,41.6,22.4
arwu,2026-07-19T13:10:45+00:00,overall,2005,101-152,Arizona State University - Tempe,,arizona-state-university,United States,US,54-71,,0.0,14.4,20.8,26.3,41.9,17.5
arwu,2026-07-19T13:10:45+00:00,overall,2005,101-152,Baylor College of Medicine,,baylor-college-of-medicine,United States,US,54-71,,0.0,0.0,17.6,34.5,44.0,24.9
arwu,2026-07-19T13:10:45+00:00,overall,2005,101-152,Catholic University of Leuven,,ku-leuven,Belgium,BE,1-4,,0.0,0.0,19.2,16.0,48.7,23.1
arwu,2026-07-19T13:10:45+00:00,overall,2005,101-152,Catholic University of Louvain,,catholic-university-of-louvain,Belgium,BE,1-4,,14.0,13.9,13.6,8.3,44.7,26.9
arwu,2026-07-19T13:10:45+00:00,overall,2005,101-152,College of France,,college-of-france,France,FR,5,,15.4,37.4,11.1,11.7,16.9,19.3
arwu,2026-07-19T13:10:45+00:00,overall,2005,101-152,Dartmouth College,,dartmouth-college,United States,US,54-71,,24.3,0.0,20.8,22.0,33.0,29.1
arwu,2026-07-19T13:10:45+00:00,overall,2005,101-152,Emory University,,emory-university,United States,US,54-71,,0.0,0.0,28.3,19.0,48.4,21.6
arwu,2026-07-19T13:10:45+00:00,overall,2005,101-152,Georgia Institute of Technology,,georgia-institute-of-technology,United States,US,54-71,,16.6,0.0,23.6,19.0,43.9,25.8
arwu,2026-07-19T13:10:45+00:00,overall,2005,101-152,Ghent University,,ghent-university,Belgium,BE,1-4,,8.9,15.8,15.7,9.1,48.8,27.2
arwu,2026-07-19T13:10:45+00:00,overall,2005,101-152,Hokkaido University,,hokkaido-university,Japan,JP,6-9,,0.0,0.0,15.7,14.1,53.8,21.5
arwu,2026-07-19T13:10:45+00:00,overall,2005,101-152,Kyushu University,,kyushu-university,Japan,JP,6-9,,0.0,0.0,13.6,21.3,52.8,21.6
arwu,2026-07-19T13:10:45+00:00,overall,2005,101-152,Mayo Medical School,,mayo-clinic-alix-school-of-medicine,United States,US,54-71,,0.0,0.0,27.2,6.2,50.2,24.4
arwu,2026-07-19T13:10:45+00:00,overall,2005,101-152,Nagoya University,,nagoya-university,Japan,JP,6-9,,0.0,14.4,15.7,20.5,52.3,25.1
arwu,2026-07-19T13:10:45+00:00,overall,2005,101-152,National University of Singapore,,national-university-of-singapore,Singapore,SG,1,,0.0,0.0,15.7,13.8,56.7,25.7
arwu,2026-07-19T13:10:45+00:00,overall,2005,101-152,North Carolina State University - Raleigh,,north-carolina-state-university-raleigh,United States,US,54-71,,0.0,0.0,29.4,17.8,44.3,19.0
arwu,2026-07-19T13:10:45+00:00,overall,2005,101-152,Oregon State University,,oregon-state-university,United States,US,54-71,,15.4,0.0,24.8,25.7,36.6,27.1
arwu,2026-07-19T13:10:45+00:00,overall,2005,101-152,Seoul National University,,seoul-national-university,South Korea,KR,1,,0.0,0.0,7.9,14.6,61.2,26.9
arwu,2026-07-19T13:10:45+00:00,overall,2005,101-152,State University of New York at Stony Brook,,stony-brook-university,United States,US,54-71,,0.0,0.0,17.6,31.4,40.7,20.5
arwu,2026-07-19T13:10:45+00:00,overall,2005,101-152,Technion-Israel Institute of Technology,,technion-israel-institute-of-technology,Israel,IL,2-4,,18.8,23.5,13.6,14.1,42.1,22.8
arwu,2026-07-19T13:10:45+00:00,overall,2005,101-152,Tel Aviv University,,tel-aviv-university,Israel,IL,2-4,,0.0,0.0,24.8,20.1,54.7,26.9
arwu,2026-07-19T13:10:45+00:00,overall,2005,101-152,The University of Georgia,,the-university-of-georgia,United States,US,54-71,,0.0,0.0,28.3,21.1,46.4,18.4
arwu,2026-07-19T13:10:45+00:00,overall,2005,101-152,The University of Glasgow,,the-university-of-glasgow,United Kingdom,GB,12-15,,10.9,0.0,19.2,17.1,44.4,22.1
arwu,2026-07-19T13:10:45+00:00,overall,2005,101-152,The University of Queensland,,the-university-of-queensland,Australia,AU,3-4,,16.6,0.0,7.9,19.9,50.1,18.9
arwu,2026-07-19T13:10:45+00:00,overall,2005,101-152,University Libre Bruxelles,,universit-libre-de-bruxelles-ulb,Belgium,BE,1-4,,28.1,19.3,0.0,12.8,37.8,29.1
arwu,2026-07-19T13:10:45+00:00,overall,2005,101-152,University of Alberta,,university-of-alberta,Canada,CA,5,,15.4,0.0,17.6,17.4,55.1,26.1
arwu,2026-07-19T13:10:45+00:00,overall,2005,101-152,University of Amsterdam,,university-of-amsterdam,Netherlands,NL,3-4,,8.9,0.0,19.2,22.2,50.1,23.1
arwu,2026-07-19T13:10:45+00:00,overall,2005,101-152,University of Bonn,,university-of-bonn,Germany,DE,6-11,,19.8,20.4,15.7,11.3,41.3,22.0
arwu,2026-07-19T13:10:45+00:00,overall,2005,101-152,"University of California, Riverside",,university-of-california-riverside,United States,US,54-71,,0.0,0.0,28.3,25.9,36.5,27.0
arwu,2026-07-19T13:10:45+00:00,overall,2005,101-152,"University of California, Santa Cruz",,university-of-california-santa-cruz,United States,US,54-71,,0.0,0.0,28.3,28.5,31.1,29.2
arwu,2026-07-19T13:10:45+00:00,overall,2005,101-152,University of Frankfurt,,goethe-university-frankfurt,Germany,DE,6-11,,36.6,9.1,17.6,16.5,37.9,22.4
arwu,2026-07-19T13:10:45+00:00,overall,2005,101-152,University of Geneva,,university-of-geneva,Switzerland,CH,4,,29.4,0.0,19.2,23.8,33.7,23.1
arwu,2026-07-19T13:10:45+00:00,overall,2005,101-152,University of Groningen,,university-of-groningen,Netherlands,NL,3-4,,0.0,20.4,13.6,18.5,43.2,19.8
arwu,2026-07-19T13:10:45+00:00,overall,2005,101-152,University of Hamburg,,university-of-hamburg,Germany,DE,6-11,,16.6,0.0,17.6,20.7,40.9,21.4
arwu,2026-07-19T13:10:45+00:00,overall,2005,101-152,University of Hawaii at Manoa,,university-of-hawaii-at-manoa,United States,US,54-71,,0.0,0.0,27.2,30.1,36.8,22.2
arwu,2026-07-19T13:10:45+00:00,overall,2005,101-152,University of Illinois at Chicago,,university-of-illinois-at-chicago,United States,US,54-71,,0.0,0.0,28.3,18.5,46.9,21.5
arwu,2026-07-19T13:10:45+00:00,overall,2005,101-152,University of Iowa,,university-of-iowa,United States,US,54-71,,0.0,0.0,31.4,22.7,50.8,20.9
arwu,2026-07-19T13:10:45+00:00,overall,2005,101-152,University of Leeds,,university-of-leeds,United Kingdom,GB,12-15,,22.6,0.0,11.1,22.9,45.0,23.0
arwu,2026-07-19T13:10:45+00:00,overall,2005,101-152,University of Liverpool,,university-of-liverpool,United Kingdom,GB,12-15,,23.5,15.8,13.6,18.1,42.4,22.6
arwu,2026-07-19T13:10:45+00:00,overall,2005,101-152,University of Massachusetts Amherst,,university-of-massachusetts-amherst,United States,US,54-71,,17.7,0.0,33.3,24.3,38.0,23.0
arwu,2026-07-19T13:10:45+00:00,overall,2005,101-152,University of Miami,,university-of-miami,United States,US,54-71,,0.0,0.0,26.1,16.4,41.7,23.4
arwu,2026-07-19T13:10:45+00:00,overall,2005,101-152,University of Milan,,university-of-milan,Italy,IT,2-3,,22.6,0.0,15.7,14.2,49.7,19.1
arwu,2026-07-19T13:10:45+00:00,overall,2005,101-152,University of Muenster,,university-of-muenster,Germany,DE,6-11,,25.1,15.8,11.1,14.8,38.3,20.7
arwu,2026-07-19T13:10:45+00:00,overall,2005,101-152,University of Pisa,,university-of-pisa,Italy,IT,2-3,,18.8,24.1,11.1,8.7,40.6,18.4
arwu,2026-07-19T13:10:45+00:00,overall,2005,101-152,University of Sao Paulo,,university-of-sao-paulo,Brazil,BR,1,,0.0,0.0,11.1,11.0,63.5,27.8
arwu,2026-07-19T13:10:45+00:00,overall,2005,101-152,University of Sussex,,university-of-sussex,United Kingdom,GB,12-15,,0.0,23.2,19.2,15.9,28.8,19.0
arwu,2026-07-19T13:10:45+00:00,overall,2005,101-152,University of Sydney,,university-of-sydney,Australia,AU,3-4,,19.8,0.0,19.2,17.8,54.5,19.7
arwu,2026-07-19T13:10:45+00:00,overall,2005,101-152,University of Tsukuba,,university-of-tsukuba,Japan,JP,6-9,,0.0,20.4,13.6,12.7,42.9,21.3
arwu,2026-07-19T13:10:45+00:00,overall,2005,101-152,University of Tuebingen,,university-of-tuebingen,Germany,DE,6-11,,29.4,0.0,15.7,22.4,43.7,23.6
arwu,2026-07-19T13:10:45+00:00,overall,2005,101-152,University of Virginia,,university-of-virginia,United States,US,54-71,,0.0,0.0,29.4,23.6,47.9,24.0
arwu,2026-07-19T13:10:45+00:00,overall,2005,101-152,University of Wuerzburg,,university-of-wuerzburg,Germany,DE,6-11,,25.1,9.1,22.2,16.9,37.9,21.7
arwu,2026-07-19T13:10:45+00:00,overall,2005,101-152,Weizmann Institute of Science,,weizmann-institute-of-science,Israel,IL,2-4,,0.0,0.0,26.1,35.1,33.6,23.4
arwu,2026-07-19T13:10:45+00:00,overall,2005,153-202,Autonomous University of Madrid,,autonomous-university-of-madrid,Spain,ES,1-2,,19.8,0.0,13.6,11.4,36.3,18.2
arwu,2026-07-19T13:10:45+00:00,overall,2005,153-202,Brandeis University,,brandeis-university,United States,US,72-90,,25.1,0.0,7.9,26.1,20.3,27.4
arwu,2026-07-19T13:10:45+00:00,overall,2005,153-202,Cardiff University,,cardiff-university,United Kingdom,GB,16-19,,0.0,0.0,13.6,17.0,42.5,20.3
arwu,2026-07-19T13:10:45+00:00,overall,2005,153-202,Colorado State University,,colorado-state-university,United States,US,72-90,,0.0,0.0,27.2,14.8,37.6,21.7
arwu,2026-07-19T13:10:45+00:00,overall,2005,153-202,Erasmus University Rotterdam,,erasmus-university-rotterdam,Netherlands,NL,5-7,,0.0,15.8,15.7,11.0,29.8,17.0
arwu,2026-07-19T13:10:45+00:00,overall,2005,153-202,Florida State University,,florida-state-university,United States,US,72-90,,0.0,0.0,22.2,17.1,37.9,18.4
arwu,2026-07-19T13:10:45+00:00,overall,2005,153-202,Iowa State University,,iowa-state-university,United States,US,72-90,,0.0,0.0,24.8,11.5,45.0,18.4
arwu,2026-07-19T13:10:45+00:00,overall,2005,153-202,Joseph Fourier University (Grenoble 1),,joseph-fourier-university-grenoble-1,France,FR,6-8,,0.0,15.8,11.1,14.4,32.5,17.2
arwu,2026-07-19T13:10:45+00:00,overall,2005,153-202,Mount Sinai School of Medicine,,icahn-school-of-medicine-at-mount-sinai,United States,US,72-90,,0.0,0.0,19.2,18.3,34.0,18.3
arwu,2026-07-19T13:10:45+00:00,overall,2005,153-202,National Autonomous University of Mexico,,national-autonomous-university-of-mexico,Mexico,MX,1,,16.6,0.0,7.9,15.1,49.0,22.6
arwu,2026-07-19T13:10:45+00:00,overall,2005,153-202,National Taiwan University,,national-taiwan-university,China-Taiwan,TW,1,,15.4,0.0,7.9,7.3,53.2,15.8
arwu,2026-07-19T13:10:45+00:00,overall,2005,153-202,Oregon Health and Science University,,oregon-health-and-science-university,United States,US,72-90,,0.0,0.0,17.6,23.9,35.2,19.6
arwu,2026-07-19T13:10:45+00:00,overall,2005,153-202,Queen's University,,queens-university,Canada,CA,6-8,,0.0,0.0,19.2,17.0,35.2,18.5
arwu,2026-07-19T13:10:45+00:00,overall,2005,153-202,Rensselaer Polytechnic Institute,,rensselaer-polytechnic-institute,United States,US,72-90,,16.6,0.0,19.2,12.2,26.8,24.7
arwu,2026-07-19T13:10:45+00:00,overall,2005,153-202,Swiss Federal Institute of Technology of Lausanne,,swiss-federal-institute-of-technology-lausanne,Switzerland,CH,5-6,,0.0,0.0,17.6,18.1,38.7,38.7
arwu,2026-07-19T13:10:45+00:00,overall,2005,153-202,Technical University of Denmark,,technical-university-of-denmark,Denmark,DK,3,,8.9,12.9,17.6,11.8,30.6,16.9
arwu,2026-07-19T13:10:45+00:00,overall,2005,153-202,The University of Alabama at Birmingham,,university-of-alabama-at-birmingham,United States,US,72-90,,0.0,0.0,17.6,14.2,43.5,23.2
arwu,2026-07-19T13:10:45+00:00,overall,2005,153-202,The University of Calgary,,the-university-of-calgary,Canada,CA,6-8,,0.0,0.0,11.1,16.0,44.2,20.5
arwu,2026-07-19T13:10:45+00:00,overall,2005,153-202,The University of Connecticut - Storrs,,university-of-connecticut,United States,US,72-90,,15.4,0.0,17.6,12.0,37.8,19.6
arwu,2026-07-19T13:10:45+00:00,overall,2005,153-202,The University of Texas Health Science Center at Houston,,the-university-of-texas-health-science-center-at-houston,United States,US,72-90,,0.0,15.8,17.6,16.8,29.7,17.6
arwu,2026-07-19T13:10:45+00:00,overall,2005,153-202,The University of Texas M. D. Anderson Cancer Center,,the-university-of-texas-m-d-anderson-cancer-center,United States,US,72-90,,0.0,0.0,23.6,12.4,39.5,20.2
arwu,2026-07-19T13:10:45+00:00,overall,2005,153-202,The University of Western Australia,,the-university-of-western-australia,Australia,AU,5-6,,0.0,0.0,20.8,13.8,40.1,21.0
arwu,2026-07-19T13:10:45+00:00,overall,2005,153-202,Tsinghua University,,tsinghua-university,China,CN,1,,14.0,0.0,0.0,9.9,55.7,19.1
arwu,2026-07-19T13:10:45+00:00,overall,2005,153-202,University of Barcelona,,university-of-barcelona,Spain,ES,1-2,,0.0,0.0,11.1,14.1,46.3,21.1
arwu,2026-07-19T13:10:45+00:00,overall,2005,153-202,University of Bern,,university-of-bern,Switzerland,CH,5-6,,16.6,0.0,11.1,23.5,35.5,26.8
arwu,2026-07-19T13:10:45+00:00,overall,2005,153-202,University of Cincinnati,,university-of-cincinnati,United States,US,72-90,,0.0,0.0,24.8,12.1,44.8,20.6
arwu,2026-07-19T13:10:45+00:00,overall,2005,153-202,University of Cologne,,university-of-cologne,Germany,DE,12-16,,0.0,12.9,7.9,19.1,36.6,18.7
arwu,2026-07-19T13:10:45+00:00,overall,2005,153-202,University of Delaware,,university-of-delaware,United States,US,72-90,,14.0,0.0,20.8,15.9,36.2,17.9
arwu,2026-07-19T13:10:45+00:00,overall,2005,153-202,University of East Anglia,,university-of-east-anglia,United Kingdom,GB,16-19,,17.7,0.0,17.6,20.2,25.1,16.5
arwu,2026-07-19T13:10:45+00:00,overall,2005,153-202,University of Gothenburg,,university-of-gothenburg,Sweden,SE,5,,0.0,15.8,0.0,18.6,40.4,13.9
arwu,2026-07-19T13:10:45+00:00,overall,2005,153-202,Kiel University,,university-of-kiel,Germany,DE,12-16,,15.4,15.8,11.1,14.6,33.5,18.2
arwu,2026-07-19T13:10:45+00:00,overall,2005,153-202,University of Leicester,,university-of-leicester,United Kingdom,GB,16-19,,0.0,0.0,19.2,19.9,35.4,19.1
arwu,2026-07-19T13:10:45+00:00,overall,2005,153-202,University of Leipzig,,university-of-leipzig,Germany,DE,12-16,,17.7,15.8,0.0,10.0,37.3,18.5
arwu,2026-07-19T13:10:45+00:00,overall,2005,153-202,University of Mainz,,university-of-mainz,Germany,DE,12-16,,0.0,8.3,15.7,13.5,37.9,18.7
arwu,2026-07-19T13:10:45+00:00,overall,2005,153-202,University of Marburg,,university-of-marburg,Germany,DE,12-16,,17.7,0.0,15.7,12.6,34.7,17.9
arwu,2026-07-19T13:10:45+00:00,overall,2005,153-202,"University of Maryland, Baltimore",,university-of-maryland-baltimore,United States,US,72-90,,0.0,0.0,19.2,18.6,38.4,19.9
arwu,2026-07-19T13:10:45+00:00,overall,2005,153-202,University of Montreal,,university-of-montreal,Canada,CA,6-8,,15.4,0.0,7.9,12.1,50.4,22.7
arwu,2026-07-19T13:10:45+00:00,overall,2005,153-202,University of Nebraska - Lincoln,,university-of-nebraska-lincoln,United States,US,72-90,,17.7,0.0,15.7,17.2,36.8,18.2
arwu,2026-07-19T13:10:45+00:00,overall,2005,153-202,University of New South Wales,,the-university-of-new-south-wales,Australia,AU,5-6,,0.0,0.0,19.2,14.3,47.0,17.6
arwu,2026-07-19T13:10:45+00:00,overall,2005,153-202,University of Notre Dame,,university-of-notre-dame,United States,US,72-90,,16.6,0.0,11.1,18.9,34.1,20.0
arwu,2026-07-19T13:10:45+00:00,overall,2005,153-202,University of Padua,,university-of-padua,Italy,IT,4-5,,0.0,0.0,13.6,13.7,46.3,16.9
arwu,2026-07-19T13:10:45+00:00,overall,2005,153-202,University of Paris Descartes (Paris 5),,university-of-paris-descartes-paris-5,France,FR,6-8,,16.0,12.2,11.1,12.4,27.8,15.5
arwu,2026-07-19T13:10:45+00:00,overall,2005,153-202,University of Paris Diderot (Paris 7),,university-paris-diderot-paris-7,France,FR,6-8,,18.2,14.1,11.1,15.6,34.5,18.6
arwu,2026-07-19T13:10:45+00:00,overall,2005,153-202,University of Southampton,,university-of-southampton,United Kingdom,GB,16-19,,0.0,0.0,20.8,11.9,43.4,21.0
arwu,2026-07-19T13:10:45+00:00,overall,2005,153-202,University of Tennessee - Knoxville,,university-of-tennessee-knoxville,United States,US,72-90,,14.0,0.0,20.8,18.0,39.3,17.1
arwu,2026-07-19T13:10:45+00:00,overall,2005,153-202,University of Turin,,university-of-turin,Italy,IT,4-5,,21.7,0.0,11.1,10.8,38.2,16.8
arwu,2026-07-19T13:10:45+00:00,overall,2005,153-202,University of Wageningen,,wageningen-university-research,Netherlands,NL,5-7,,0.0,0.0,23.6,17.0,35.2,23.8
arwu,2026-07-19T13:10:45+00:00,overall,2005,153-202,Virginia Commonwealth University,,virginia-commonwealth-university,United States,US,72-90,,14.0,14.4,20.8,7.7,33.4,17.4
arwu,2026-07-19T13:10:45+00:00,overall,2005,153-202,Virginia Polytechnic Institute and State University,,virginia-polytechnic-institute-and-state-university,United States,US,72-90,,15.4,0.0,17.6,12.4,40.3,17.0
arwu,2026-07-19T13:10:45+00:00,overall,2005,153-202,VU University Amsterdam,,vrije-universiteit-amsterdam,Netherlands,NL,5-7,,0.0,0.0,17.6,15.8,42.7,21.6
arwu,2026-07-19T13:10:45+00:00,overall,2005,203-300,Chalmers University of Technology,,chalmers-university-of-technology,Sweden,SE,6-9,,0.0,0.0,17.6,9.8,31.0,18.1
arwu,2026-07-19T13:10:45+00:00,overall,2005,203-300,Charles University in Prague,,charles-university-in-prague,Czech Republic,CZ,1,,15.4,0.0,0.0,11.3,37.1,17.1
arwu,2026-07-19T13:10:45+00:00,overall,2005,203-300,Claude Bernard University Lyon 1,,claude-bernard-university-lyon-1,France,FR,9-13,,15.4,0.0,0.0,11.5,36.5,16.9
arwu,2026-07-19T13:10:45+00:00,overall,2005,203-300,Complutense University of Madrid,,complutense-university-of-madrid,Spain,ES,3,,0.0,0.0,0.0,12.6,41.3,18.3
arwu,2026-07-19T13:10:45+00:00,overall,2005,203-300,Dalhousie University,,dalhousie-university,Canada,CA,9-17,,0.0,0.0,15.7,18.1,34.8,18.0
arwu,2026-07-19T13:10:45+00:00,overall,2005,203-300,Delft University of Technology,,delft-university-of-technology,Netherlands,NL,8-9,,15.4,0.0,0.0,21.9,36.2,15.8
arwu,2026-07-19T13:10:45+00:00,overall,2005,203-300,Ecole Polytechnique,,ecole-polytechnique,France,FR,9-13,,22.6,0.0,7.9,14.1,28.4,15.4
arwu,2026-07-19T13:10:45+00:00,overall,2005,203-300,George Mason University,,george-mason-university,United States,US,91-119,,0.0,32.9,11.1,0.0,24.3,18.3
arwu,2026-07-19T13:10:45+00:00,overall,2005,203-300,Georgetown University,,georgetown-university,United States,US,91-119,,0.0,0.0,7.9,13.5,34.8,19.7
arwu,2026-07-19T13:10:45+00:00,overall,2005,203-300,Hiroshima University,,hiroshima-university,Japan,JP,10-13,,0.0,0.0,7.9,10.4,40.6,19.2
arwu,2026-07-19T13:10:45+00:00,overall,2005,203-300,Kansas State University,,kansas-state-university,United States,US,91-119,,0.0,0.0,11.1,12.7,31.8,15.8
arwu,2026-07-19T13:10:45+00:00,overall,2005,203-300,Keio University,,keio-university,Japan,JP,10-13,,0.0,0.0,7.9,14.2,36.5,17.0
arwu,2026-07-19T13:10:45+00:00,overall,2005,203-300,Kobe University,,kobe-university,Japan,JP,10-13,,0.0,0.0,13.6,15.0,33.1,16.9
arwu,2026-07-19T13:10:45+00:00,overall,2005,203-300,Lancaster University,,lancaster-university,United Kingdom,GB,20-30,,0.0,0.0,17.6,10.2,28.4,14.8
arwu,2026-07-19T13:10:45+00:00,overall,2005,203-300,Laval University,,laval-university,Canada,CA,9-17,,0.0,0.0,15.7,11.4,37.2,17.8
arwu,2026-07-19T13:10:45+00:00,overall,2005,203-300,London School of Economics and Political Science,,london-school-of-economics-and-political-science,United Kingdom,GB,20-30,,19.8,0.0,15.7,,26.1,16.2
arwu,2026-07-19T13:10:45+00:00,overall,2005,203-300,Louisiana State University - Baton Rouge,,louisiana-state-university-baton-rouge,United States,US,91-119,,0.0,0.0,13.6,11.8,39.0,15.6
arwu,2026-07-19T13:10:45+00:00,overall,2005,203-300,Macquarie University,,macquarie-university,Australia,AU,7-9,,0.0,0.0,13.6,15.9,25.6,17.9
arwu,2026-07-19T13:10:45+00:00,overall,2005,203-300,Monash University,,monash-university,Australia,AU,7-9,,0.0,0.0,7.9,15.4,44.6,14.7
arwu,2026-07-19T13:10:45+00:00,overall,2005,203-300,National and Kapodistrian University of Athens,,national-and-kapodistrian-university-of-athens,Greece,GR,1,,0.0,0.0,7.9,5.9,40.1,17.5
arwu,2026-07-19T13:10:45+00:00,overall,2005,203-300,Newcastle University,,newcastle-university,United Kingdom,GB,20-30,,0.0,0.0,11.1,20.1,37.8,18.8
arwu,2026-07-19T13:10:45+00:00,overall,2005,203-300,Norwegian University of Science and Technology,,norwegian-university-of-science-and-technology-ntnu,Norway,NO,2,,18.8,0.0,0.0,15.7,30.5,15.6
arwu,2026-07-19T13:10:45+00:00,overall,2005,203-300,Okayama University,,okayama-university,Japan,JP,10-13,,0.0,0.0,7.9,10.4,36.0,18.3
arwu,2026-07-19T13:10:45+00:00,overall,2005,203-300,Paul Sabatier University (Toulouse 3),,paul-sabatier-university-toulouse-3,France,FR,9-13,,0.0,6.4,7.9,16.9,33.8,16.6
arwu,2026-07-19T13:10:45+00:00,overall,2005,203-300,Peking University,,peking-university,China,CN,2,,0.0,0.0,0.0,11.3,52.2,17.2
arwu,2026-07-19T13:10:45+00:00,overall,2005,203-300,Queen Mary,,queen-mary-university-of-london,United Kingdom,GB,20-30,,24.3,0.0,15.7,7.4,30.2,16.5
arwu,2026-07-19T13:10:45+00:00,overall,2005,203-300,Queen's University Belfast,,queens-university-belfast,United Kingdom,GB,20-30,,23.5,0.0,0.0,10.8,33.5,16.5
arwu,2026-07-19T13:10:45+00:00,overall,2005,203-300,Radboud University Nijmegen,,radboud-university-nijmegen,Netherlands,NL,8-9,,0.0,0.0,7.9,18.8,40.1,19.9
arwu,2026-07-19T13:10:45+00:00,overall,2005,203-300,Royal Institute of Technology,,kth-royal-institute-of-technology,Sweden,SE,6-9,,0.0,15.8,7.9,10.9,35.1,17.1
arwu,2026-07-19T13:10:45+00:00,overall,2005,203-300,RWTH Aachen University,,rwth-aachen-university,Germany,DE,17-23,,6.3,0.0,7.9,7.4,39.0,17.3
arwu,2026-07-19T13:10:45+00:00,overall,2005,203-300,State University of Campinas,,university-of-campinas,Brazil,BR,2,,0.0,0.0,7.9,6.2,40.6,17.8
arwu,2026-07-19T13:10:45+00:00,overall,2005,203-300,State University of New York at Albany,,university-at-albany-state-university-of-new-york,United States,US,91-119,,0.0,0.0,22.2,9.8,29.1,20.0
arwu,2026-07-19T13:10:45+00:00,overall,2005,203-300,State University of New York at Buffalo,,university-at-buffalo-the-state-university-of-new-york,United States,US,91-119,,0.0,0.0,15.7,11.5,39.1,16.1
arwu,2026-07-19T13:10:45+00:00,overall,2005,203-300,Swedish University of Agricultural Sciences,,swedish-university-of-agricultural-sciences,Sweden,SE,6-9,,0.0,0.0,13.6,17.0,29.9,14.8
arwu,2026-07-19T13:10:45+00:00,overall,2005,203-300,Syracuse University,,syracuse-university,United States,US,91-119,,0.0,0.0,15.7,14.1,26.8,15.2
arwu,2026-07-19T13:10:45+00:00,overall,2005,203-300,Technical University of Berlin,,technical-university-of-berlin,Germany,DE,17-23,,23.5,0.0,11.1,8.9,29.7,15.7
arwu,2026-07-19T13:10:45+00:00,overall,2005,203-300,The Chinese University of Hong Kong,,the-chinese-university-of-hong-kong,China-Hong Kong,HK,1-3,,0.0,0.0,13.6,5.1,43.3,21.6
arwu,2026-07-19T13:10:45+00:00,overall,2005,203-300,The George Washington University,,the-george-washington-university,United States,US,91-119,,15.4,0.0,11.1,12.6,32.9,17.6
arwu,2026-07-19T13:10:45+00:00,overall,2005,203-300,The Hong Kong University of Science and Technology,,the-hong-kong-university-of-science-and-technology,China-Hong Kong,HK,1-3,,0.0,0.0,17.6,10.1,34.5,24.6
arwu,2026-07-19T13:10:45+00:00,overall,2005,203-300,The University of Adelaide,,the-university-of-adelaide,Australia,AU,7-9,,10.9,0.0,11.1,12.0,35.2,19.0
arwu,2026-07-19T13:10:45+00:00,overall,2005,203-300,The University of Auckland,,the-university-of-auckland,New Zealand,NZ,1,,17.7,0.0,11.1,16.3,33.9,17.5
arwu,2026-07-19T13:10:45+00:00,overall,2005,203-300,The University of Dundee,,the-university-of-dundee,United Kingdom,GB,20-30,,0.0,0.0,13.6,15.1,28.0,14.7
arwu,2026-07-19T13:10:45+00:00,overall,2005,203-300,The University of Hong Kong,,the-university-of-hong-kong,China-Hong Kong,HK,1-3,,0.0,0.0,7.9,10.9,46.3,21.3
arwu,2026-07-19T13:10:45+00:00,overall,2005,203-300,The University of New Mexico - Albuquerque,,the-university-of-new-mexico-albuquerque,United States,US,91-119,,0.0,0.0,11.1,19.6,36.3,18.9
arwu,2026-07-19T13:10:45+00:00,overall,2005,203-300,The University of Reading,,the-university-of-reading,United Kingdom,GB,20-30,,0.0,0.0,13.6,17.9,31.0,16.3
arwu,2026-07-19T13:10:45+00:00,overall,2005,203-300,The University of Texas Health Science Center at San Antonio,,the-university-of-texas-health-science-center-at-san-antonio,United States,US,91-119,,0.0,0.0,22.2,9.8,27.7,15.7
arwu,2026-07-19T13:10:45+00:00,overall,2005,203-300,The University of Texas Medical Branch at Galveston,,the-university-of-texas-medical-branch-at-galveston,United States,US,91-119,,0.0,0.0,19.2,8.5,30.5,15.7
arwu,2026-07-19T13:10:45+00:00,overall,2005,203-300,Thomas Jefferson University,,thomas-jefferson-university,United States,US,91-119,,0.0,0.0,15.7,14.5,29.3,15.4
arwu,2026-07-19T13:10:45+00:00,overall,2005,203-300,Trinity College Dublin,,trinity-college-dublin,Ireland,IE,1,,15.4,14.4,0.0,11.9,27.4,14.8
arwu,2026-07-19T13:10:45+00:00,overall,2005,203-300,Tulane University,,tulane-university,United States,US,91-119,,0.0,0.0,15.7,11.4,30.3,14.5
arwu,2026-07-19T13:10:45+00:00,overall,2005,203-300,Umea University,,umea-university,Sweden,SE,6-9,,0.0,0.0,15.7,17.1,31.3,13.6
arwu,2026-07-19T13:10:45+00:00,overall,2005,203-300,University of Alaska - Fairbanks,,university-of-alaska-fairbanks,United States,US,91-119,,0.0,0.0,15.7,17.9,19.5,23.1
arwu,2026-07-19T13:10:45+00:00,overall,2005,203-300,University of Antwerp,,university-of-antwerp,Belgium,BE,5-6,,0.0,0.0,11.1,11.3,33.6,24.3
arwu,2026-07-19T13:10:45+00:00,overall,2005,203-300,Ruhr University Bochum,,university-of-bochum,Germany,DE,17-23,,0.0,0.0,11.1,15.0,39.3,18.5
arwu,2026-07-19T13:10:45+00:00,overall,2005,203-300,University of Bologna,,university-of-bologna,Italy,IT,6-9,,0.0,0.0,7.9,10.6,48.9,15.5
arwu,2026-07-19T13:10:45+00:00,overall,2005,203-300,University of Bordeaux 1,,university-of-bordeaux-1,France,FR,9-13,,8.9,0.0,13.6,11.4,27.0,14.0
arwu,2026-07-19T13:10:45+00:00,overall,2005,203-300,University of Buenos Aires,,university-of-buenos-aires,Argentina,AR,1,,21.7,0.0,0.0,9.0,36.6,17.3
arwu,2026-07-19T13:10:45+00:00,overall,2005,203-300,University of Cape Town,,university-of-cape-town,South Africa,ZA,1,,25.1,0.0,11.1,11.1,30.3,16.3
arwu,2026-07-19T13:10:45+00:00,overall,2005,203-300,University of Colorado Health Science Center,,university-of-colorado-health-science-center,United States,US,91-119,,0.0,0.0,15.7,17.1,34.0,17.5
arwu,2026-07-19T13:10:45+00:00,overall,2005,203-300,University of Durham,,durham-university,United Kingdom,GB,20-30,,0.0,0.0,19.2,15.7,33.7,17.8
arwu,2026-07-19T13:10:45+00:00,overall,2005,203-300,University of Erlangen-Nuremberg,,university-of-erlangen-nuremberg,Germany,DE,17-23,,0.0,0.0,13.6,9.8,41.1,18.9
arwu,2026-07-19T13:10:45+00:00,overall,2005,203-300,University of Florence,,university-of-florence,Italy,IT,6-9,,0.0,0.0,13.6,16.4,40.4,15.8
arwu,2026-07-19T13:10:45+00:00,overall,2005,203-300,University of Genova,,university-of-genoa,Italy,IT,6-9,,0.0,0.0,15.7,5.4,34.4,14.2
arwu,2026-07-19T13:10:45+00:00,overall,2005,203-300,University of Guelph,,university-of-guelph,Canada,CA,9-17,,0.0,0.0,13.6,11.0,32.9,15.8
arwu,2026-07-19T13:10:45+00:00,overall,2005,203-300,University of Halle-Wittenberg,,university-of-halle-wittenberg,Germany,DE,17-23,,6.3,9.1,7.9,8.1,29.8,14.2
arwu,2026-07-19T13:10:45+00:00,overall,2005,203-300,University of Houston,,university-of-houston,United States,US,91-119,,0.0,0.0,22.2,8.1,33.9,16.7
arwu,2026-07-19T13:10:45+00:00,overall,2005,203-300,University of Innsbruck,,university-of-innsbruck,Austria,AT,2,,0.0,11.2,7.9,19.2,29.8,16.1
arwu,2026-07-19T13:10:45+00:00,overall,2005,203-300,University of Kansas - Lawrence,,university-of-kansas,United States,US,91-119,,15.4,0.0,7.9,15.3,32.3,14.4
arwu,2026-07-19T13:10:45+00:00,overall,2005,203-300,University of Karlsruhe,,karlsruhe-institute-of-technology-kit,Germany,DE,17-23,,6.3,0.0,11.1,13.9,33.0,16.0
arwu,2026-07-19T13:10:45+00:00,overall,2005,203-300,University of Kentucky,,university-of-kentucky,United States,US,91-119,,14.0,0.0,7.9,9.6,43.5,17.4
arwu,2026-07-19T13:10:45+00:00,overall,2005,203-300,University of Liege,,university-of-liege,Belgium,BE,5-6,,10.9,0.0,7.9,10.7,30.3,23.2
arwu,2026-07-19T13:10:45+00:00,overall,2005,203-300,University of Manitoba,,university-of-manitoba,Canada,CA,9-17,,0.0,0.0,17.6,7.1,33.9,16.5
arwu,2026-07-19T13:10:45+00:00,overall,2005,203-300,University of Massachusetts Chan Medical School,,university-of-massachusetts-medical-school-worcester,United States,US,91-119,,0.0,0.0,13.6,24.4,28.2,16.9
arwu,2026-07-19T13:10:45+00:00,overall,2005,203-300,University of Medicine and Dentistry New Jersey,,university-of-medicine-and-dentistry-new-jersey,United States,US,91-119,,0.0,0.0,22.2,10.1,33.6,17.6
arwu,2026-07-19T13:10:45+00:00,overall,2005,203-300,University of Missouri - Columbia,,university-of-missouri-columbia,United States,US,91-119,,12.5,0.0,7.9,13.1,41.8,14.5
arwu,2026-07-19T13:10:45+00:00,overall,2005,203-300,University of Montpellier 2,,university-of-montpellier-2,France,FR,9-13,,14.0,0.0,13.6,16.9,31.2,16.7
arwu,2026-07-19T13:10:45+00:00,overall,2005,203-300,University of Naples Federico II,,university-of-naples-federico-ii,Italy,IT,6-9,,0.0,0.0,7.9,9.1,42.1,12.4
arwu,2026-07-19T13:10:45+00:00,overall,2005,203-300,University of Oregon,,university-of-oregon,United States,US,91-119,,14.0,0.0,11.1,23.1,28.5,18.3
arwu,2026-07-19T13:10:45+00:00,overall,2005,203-300,University of Ottawa,,university-of-ottawa,Canada,CA,9-17,,0.0,0.0,7.9,12.5,37.6,17.2
arwu,2026-07-19T13:10:45+00:00,overall,2005,203-300,University of Saskatchewan,,university-of-saskatchewan,Canada,CA,9-17,,12.5,0.0,17.6,6.2,32.9,16.5
arwu,2026-07-19T13:10:45+00:00,overall,2005,203-300,University of South Carolina - Columbia,,university-of-south-carolina-columbia-1,United States,US,91-119,,0.0,0.0,13.6,16.0,35.9,17.0
arwu,2026-07-19T13:10:45+00:00,overall,2005,203-300,University of South Florida,,university-of-south-florida,United States,US,91-119,,0.0,0.0,15.7,9.9,36.6,13.7
arwu,2026-07-19T13:10:45+00:00,overall,2005,203-300,University of Southern Denmark,,university-of-southern-denmark,Denmark,DK,4,,0.0,0.0,15.7,13.5,28.9,15.1
arwu,2026-07-19T13:10:45+00:00,overall,2005,203-300,University of St Andrews,,university-of-st-andrews,United Kingdom,GB,20-30,,14.0,0.0,7.9,22.0,30.8,17.0
arwu,2026-07-19T13:10:45+00:00,overall,2005,203-300,University of Stuttgart,,university-of-stuttgart,Germany,DE,17-23,,17.7,0.0,7.9,8.6,30.1,14.6
arwu,2026-07-19T13:10:45+00:00,overall,2005,203-300,University of Szeged,,university-of-szeged,Hungary,HU,1,,0.0,15.8,7.9,8.7,24.7,13.4
arwu,2026-07-19T13:10:45+00:00,overall,2005,203-300,University of Turku,,university-of-turku,Finland,FI,2,,0.0,0.0,11.1,12.7,33.6,16.0
arwu,2026-07-19T13:10:45+00:00,overall,2005,203-300,University of Vermont,,university-of-vermont,United States,US,91-119,,17.7,0.0,15.7,11.2,28.6,20.5
arwu,2026-07-19T13:10:45+00:00,overall,2005,203-300,University of Victoria,,university-of-victoria,Canada,CA,9-17,,0.0,0.0,13.6,12.3,30.1,15.0
arwu,2026-07-19T13:10:45+00:00,overall,2005,203-300,University of Warwick,,university-of-warwick,United Kingdom,GB,20-30,,0.0,0.0,11.1,14.1,33.9,16.3
arwu,2026-07-19T13:10:45+00:00,overall,2005,203-300,University of Waterloo,,university-of-waterloo,Canada,CA,9-17,,0.0,0.0,19.2,11.4,38.7,19.0
arwu,2026-07-19T13:10:45+00:00,overall,2005,203-300,University of York,,university-of-york,United Kingdom,GB,20-30,,0.0,0.0,11.1,15.4,33.6,16.4
arwu,2026-07-19T13:10:45+00:00,overall,2005,203-300,Wake Forest University,,wake-forest-university,United States,US,91-119,,0.0,0.0,11.1,10.9,33.4,23.2
arwu,2026-07-19T13:10:45+00:00,overall,2005,203-300,Washington State University - Pullman,,washington-state-university,United States,US,91-119,,0.0,0.0,20.8,15.5,33.6,16.9
arwu,2026-07-19T13:10:45+00:00,overall,2005,203-300,Wayne State University,,wayne-state-university,United States,US,91-119,,0.0,0.0,7.9,9.6,39.9,17.7
arwu,2026-07-19T13:10:45+00:00,overall,2005,203-300,Western University,,western-university,Canada,CA,9-17,,0.0,0.0,7.9,17.1,42.2,19.6
arwu,2026-07-19T13:10:45+00:00,overall,2005,203-300,Yeshiva University,,yeshiva-university,United States,US,91-119,,0.0,0.0,11.1,22.0,34.5,20.5
arwu,2026-07-19T13:10:45+00:00,overall,2005,203-300,Yonsei University,,yonsei-university,South Korea,KR,2,,0.0,0.0,7.9,9.7,43.9,19.4
arwu,2026-07-19T13:10:45+00:00,overall,2005,301-400,Aristotle University of Thessaloniki,,aristotle-university-of-thessaloniki,Greece,GR,2,,0.0,0.0,7.9,2.0,34.9,15.2
arwu,2026-07-19T13:10:45+00:00,overall,2005,301-400,Auburn University,,auburn-university,United States,US,120-140,,0.0,0.0,7.9,5.2,29.7,12.0
arwu,2026-07-19T13:10:45+00:00,overall,2005,301-400,Bar-Ilan University,,bar-ilan-university,Israel,IL,5-6,,0.0,0.0,11.1,9.2,28.2,13.4
arwu,2026-07-19T13:10:45+00:00,overall,2005,301-400,Ben-Gurion University of the Negev,,ben-gurion-university-of-the-negev,Israel,IL,5-6,,0.0,0.0,0.0,10.1,37.5,16.5
arwu,2026-07-19T13:10:45+00:00,overall,2005,301-400,Brigham Young University,,brigham-young-university,United States,US,120-140,,12.5,0.0,11.1,2.9,28.0,10.3
arwu,2026-07-19T13:10:45+00:00,overall,2005,301-400,Carleton University,,carleton-university,Canada,CA,18-19,,0.0,0.0,13.6,7.0,26.9,13.1
arwu,2026-07-19T13:10:45+00:00,overall,2005,301-400,Chiba University,,chiba-university,Japan,JP,14-24,,0.0,0.0,0.0,7.7,35.4,17.2
arwu,2026-07-19T13:10:45+00:00,overall,2005,301-400,City University of Hong Kong,,city-university-of-hong-kong,China-Hong Kong,HK,4-5,,0.0,0.0,0.0,9.9,36.9,18.9
arwu,2026-07-19T13:10:45+00:00,overall,2005,301-400,City University of New York City College,,the-city-college-of-new-york,United States,US,120-140,,37.1,0.0,11.1,5.5,17.6,14.4
arwu,2026-07-19T13:10:45+00:00,overall,2005,301-400,Clemson University,,clemson-university,United States,US,120-140,,0.0,0.0,13.6,9.4,28.2,13.8
arwu,2026-07-19T13:10:45+00:00,overall,2005,301-400,Dresden University of Technology,,tu-dresden,Germany,DE,24-33,,0.0,0.0,7.9,6.6,33.9,15.1
arwu,2026-07-19T13:10:45+00:00,overall,2005,301-400,Ecole National Superieure Mines - Paris,,mines-paristech,France,FR,14-19,,18.8,25.8,0.0,0.0,10.1,13.0
arwu,2026-07-19T13:10:45+00:00,overall,2005,301-400,Ecole Normale Superieure - Lyon,,ecole-normale-superieure-lyon,France,FR,14-19,,0.0,0.0,7.9,14.1,21.7,11.5
arwu,2026-07-19T13:10:45+00:00,overall,2005,301-400,Eindhoven University of Technology,,eindhoven-university-of-technology,Netherlands,NL,10-11,,0.0,0.0,0.0,11.4,32.5,16.7
arwu,2026-07-19T13:10:45+00:00,overall,2005,301-400,Eotvos Lorand University,,eotvos-lorand-university,Hungary,HU,2,,19.8,0.0,0.0,12.8,24.3,13.1
arwu,2026-07-19T13:10:45+00:00,overall,2005,301-400,Federal University of Rio de Janeiro,,federal-university-of-rio-de-janeiro,Brazil,BR,3,,0.0,0.0,0.0,8.2,38.6,16.8
arwu,2026-07-19T13:10:45+00:00,overall,2005,301-400,Fudan University,,fudan-university,China,CN,3-7,,0.0,0.0,0.0,9.1,38.0,15.2
arwu,2026-07-19T13:10:45+00:00,overall,2005,301-400,Gunma University,,gunma-university,Japan,JP,14-24,,0.0,0.0,7.9,8.8,24.4,17.7
arwu,2026-07-19T13:10:45+00:00,overall,2005,301-400,Henri Poincare University (Nancy 1),,henri-poincar-university,France,FR,14-19,,15.4,19.3,0.0,2.5,24.0,13.9
arwu,2026-07-19T13:10:45+00:00,overall,2005,301-400,Indian Institute of Science,,indian-institute-of-science,India,IN,1,,0.0,0.0,11.1,9.8,31.9,14.9
arwu,2026-07-19T13:10:45+00:00,overall,2005,301-400,Indiana University-Purdue University at Indianapolis,,indiana-university-purdue-university-at-indianapolis,United States,US,120-140,,0.0,0.0,0.0,9.4,38.2,11.7
arwu,2026-07-19T13:10:45+00:00,overall,2005,301-400,Industrial Physics and Chemistry Higher Educational Institution - Paris,,espci-paris,France,FR,14-19,,10.9,19.3,0.0,7.6,16.8,11.8
arwu,2026-07-19T13:10:45+00:00,overall,2005,301-400,International School for Advanced Studies,,international-school-for-advanced-studies,Italy,IT,10-18,,0.0,0.0,0.0,12.2,18.8,42.7
arwu,2026-07-19T13:10:45+00:00,overall,2005,301-400,Jagiellonian University,,jagiellonian-university,Poland,PL,1-2,,0.0,0.0,7.9,4.3,31.8,14.1
arwu,2026-07-19T13:10:45+00:00,overall,2005,301-400,Kanazawa University,,kanazawa-university,Japan,JP,14-24,,0.0,0.0,11.1,6.5,29.1,17.5
arwu,2026-07-19T13:10:45+00:00,overall,2005,301-400,Korea Advanced Institute of Science and Technology,,korea-advanced-institute-of-science-and-technology,South Korea,KR,3-5,,0.0,0.0,0.0,7.7,39.5,17.1
arwu,2026-07-19T13:10:45+00:00,overall,2005,301-400,Linkoping University,,linkoping-university,Sweden,SE,10-11,,0.0,0.0,7.9,6.8,31.6,12.5
arwu,2026-07-19T13:10:45+00:00,overall,2005,301-400,London School of Hygiene and Tropical Medicine,,london-school-of-hygiene-tropical-medicine,United Kingdom,GB,31-36,,10.9,0.0,0.0,14.1,27.1,13.4
arwu,2026-07-19T13:10:45+00:00,overall,2005,301-400,Medical College of Wisconsin,,medical-college-of-wisconsin,United States,US,120-140,,0.0,0.0,7.9,8.0,28.7,13.1
arwu,2026-07-19T13:10:45+00:00,overall,2005,301-400,Medical University of South Carolina,,medical-university-of-south-carolina,United States,US,120-140,,0.0,0.0,15.7,2.5,30.3,14.5
arwu,2026-07-19T13:10:45+00:00,overall,2005,301-400,Nagasaki University,,nagasaki-university,Japan,JP,14-24,,0.0,0.0,11.1,1.6,27.5,17.3
arwu,2026-07-19T13:10:45+00:00,overall,2005,301-400,Nanjing University,,nanjing-university,China,CN,3-7,,0.0,0.0,0.0,7.2,42.1,15.6
arwu,2026-07-19T13:10:45+00:00,overall,2005,301-400,Nanyang Technological University,,nanyang-technological-university,Singapore,SG,2,,0.0,0.0,0.0,0.0,42.9,18.2
arwu,2026-07-19T13:10:45+00:00,overall,2005,301-400,National Cheng Kung University (NCKU),,national-cheng-kung-university-ncku,China-Taiwan,TW,2-3,,0.0,0.0,0.0,1.6,39.4,15.3
arwu,2026-07-19T13:10:45+00:00,overall,2005,301-400,National Tsing Hua University,,national-tsing-hua-university,China-Taiwan,TW,2-3,,16.6,0.0,0.0,5.1,31.5,19.1
arwu,2026-07-19T13:10:45+00:00,overall,2005,301-400,Nihon University,,nihon-university,Japan,JP,14-24,,0.0,0.0,7.9,4.9,28.9,12.9
arwu,2026-07-19T13:10:45+00:00,overall,2005,301-400,Niigata University,,niigata-university,Japan,JP,14-24,,0.0,0.0,13.6,7.1,29.4,17.5
arwu,2026-07-19T13:10:45+00:00,overall,2005,301-400,Pohang University of Science and Technology,,pohang-university-of-science-and-technology,South Korea,KR,3-5,,0.0,0.0,7.9,11.3,30.4,14.2
arwu,2026-07-19T13:10:45+00:00,overall,2005,301-400,Polytechnic Institute of Milan,,polytechnic-university-of-milan,Italy,IT,10-18,,10.9,15.8,0.0,6.5,27.7,13.5
arwu,2026-07-19T13:10:45+00:00,overall,2005,301-400,Royal Holloway,,royal-holloway-university-of-london,United Kingdom,GB,31-36,,0.0,0.0,7.9,13.3,22.5,11.6
arwu,2026-07-19T13:10:45+00:00,overall,2005,301-400,Saint Louis University,,saint-louis-university,United States,US,120-140,,0.0,12.9,7.9,1.6,26.2,16.3
arwu,2026-07-19T13:10:45+00:00,overall,2005,301-400,Saint Petersburg State University,,saint-petersburg-state-university,Russia,RU,2,,24.3,0.0,0.0,6.0,31.9,15.6
arwu,2026-07-19T13:10:45+00:00,overall,2005,301-400,San Diego State University,,san-diego-state-university,United States,US,120-140,,0.0,0.0,13.6,10.0,25.8,12.4
arwu,2026-07-19T13:10:45+00:00,overall,2005,301-400,Scuola Normale Superiore - Pisa,,scuola-normale-superiore-pisa,Italy,IT,10-18,,0.0,0.0,7.9,7.4,16.6,38.1
arwu,2026-07-19T13:10:45+00:00,overall,2005,301-400,Shanghai Jiao Tong University,,shanghai-jiao-tong-university,China,CN,3-7,,0.0,0.0,0.0,7.3,40.9,15.2
arwu,2026-07-19T13:10:45+00:00,overall,2005,301-400,Simon Fraser University,,simon-fraser-university,Canada,CA,18-19,,0.0,0.0,11.1,12.8,30.5,14.8
arwu,2026-07-19T13:10:45+00:00,overall,2005,301-400,SUNY Downstate Health Sciences University,,state-university-of-new-york-health-science-center-at-brooklyn,United States,US,120-140,,0.0,15.8,11.1,7.7,17.4,11.5
arwu,2026-07-19T13:10:45+00:00,overall,2005,301-400,Stockholm School of Economics,,stockholm-school-of-economics,Sweden,SE,10-11,,0.0,17.1,0.0,,11.0,29.4
arwu,2026-07-19T13:10:45+00:00,overall,2005,301-400,Sungkyunkwan University,,sungkyunkwan-university,South Korea,KR,3-5,,0.0,0.0,0.0,6.0,34.9,15.0
arwu,2026-07-19T13:10:45+00:00,overall,2005,301-400,Technical University Darmstadt,,technical-university-darmstadt,Germany,DE,24-33,,10.9,0.0,7.9,9.4,25.7,12.5
arwu,2026-07-19T13:10:45+00:00,overall,2005,301-400,Technical University of Braunschweig,,technical-university-of-braunschweig,Germany,DE,24-33,,16.6,0.0,7.9,5.7,23.8,12.0
arwu,2026-07-19T13:10:45+00:00,overall,2005,301-400,Temple University,,temple-university,United States,US,120-140,,0.0,0.0,15.7,3.8,31.7,13.3
arwu,2026-07-19T13:10:45+00:00,overall,2005,301-400,Texas Tech University,,texas-tech-university,United States,US,120-140,,0.0,0.0,11.1,10.0,30.1,14.0
arwu,2026-07-19T13:10:45+00:00,overall,2005,301-400,The Hong Kong Polytechnic University,,the-hong-kong-polytechnic-university,China-Hong Kong,HK,4-5,,0.0,0.0,7.9,0.0,38.6,18.3
arwu,2026-07-19T13:10:45+00:00,overall,2005,301-400,The Open University,,the-open-university,United Kingdom,GB,31-36,,0.0,0.0,13.6,14.4,23.3,13.0
arwu,2026-07-19T13:10:45+00:00,overall,2005,301-400,The University of Montana - Missoula,,university-of-montana-missoula,United States,US,120-140,,8.9,0.0,11.1,17.1,16.6,16.7
arwu,2026-07-19T13:10:45+00:00,overall,2005,301-400,The University of Texas at Dallas,,the-university-of-texas-at-dallas,United States,US,120-140,,0.0,0.0,13.6,4.9,23.1,18.0
arwu,2026-07-19T13:10:45+00:00,overall,2005,301-400,The University of Tokushima,,the-university-of-tokushima,Japan,JP,14-24,,0.0,0.0,11.1,4.9,26.7,17.8
arwu,2026-07-19T13:10:45+00:00,overall,2005,301-400,Tokyo Medical and Dental University,,tokyo-medical-and-dental-university,Japan,JP,14-24,,0.0,0.0,7.9,7.3,26.9,23.2
arwu,2026-07-19T13:10:45+00:00,overall,2005,301-400,Tokyo University of Agriculture and Technology,,tokyo-university-of-agriculture-and-technology,Japan,JP,14-24,,0.0,0.0,7.9,6.7,25.7,21.2
arwu,2026-07-19T13:10:45+00:00,overall,2005,301-400,University of Aberdeen,,university-of-aberdeen,United Kingdom,GB,31-36,,0.0,0.0,0.0,16.3,32.8,15.5
arwu,2026-07-19T13:10:45+00:00,overall,2005,301-400,University of Bath,,university-of-bath,United Kingdom,GB,31-36,,0.0,0.0,7.9,17.6,27.8,14.4
arwu,2026-07-19T13:10:45+00:00,overall,2005,301-400,University of Bayreuth,,university-of-bayreuth,Germany,DE,24-33,,0.0,0.0,7.9,16.2,24.4,12.9
arwu,2026-07-19T13:10:45+00:00,overall,2005,301-400,University of Bergen,,university-of-bergen,Norway,NO,3,,0.0,0.0,0.0,12.5,33.9,15.3
arwu,2026-07-19T13:10:45+00:00,overall,2005,301-400,University of Bielefeld,,bielefeld-university,Germany,DE,24-33,,0.0,0.0,15.7,12.3,25.6,13.8
arwu,2026-07-19T13:10:45+00:00,overall,2005,301-400,University of Cagliari,,university-of-cagliari,Italy,IT,10-18,,0.0,0.0,11.1,8.5,22.5,12.8
arwu,2026-07-19T13:10:45+00:00,overall,2005,301-400,University of Chile,,university-of-chile,Chile,CL,1,,10.9,0.0,0.0,7.2,29.2,13.2
arwu,2026-07-19T13:10:45+00:00,overall,2005,301-400,University of Duesseldorf,,heinrich-heine-university-duesseldorf,Germany,DE,24-33,,0.0,0.0,7.9,9.2,32.6,14.8
arwu,2026-07-19T13:10:45+00:00,overall,2005,301-400,University of Essex,,university-of-essex,United Kingdom,GB,31-36,,17.7,0.0,7.9,7.6,20.1,11.1
arwu,2026-07-19T13:10:45+00:00,overall,2005,301-400,University of Ferrara,,university-of-ferrara,Italy,IT,10-18,,0.0,0.0,7.9,4.8,27.3,16.4
arwu,2026-07-19T13:10:45+00:00,overall,2005,301-400,University of Graz,,university-of-graz,Austria,AT,3-4,,12.5,12.9,0.0,6.0,22.1,11.8
arwu,2026-07-19T13:10:45+00:00,overall,2005,301-400,University of Greifswald,,university-of-greifswald,Germany,DE,24-33,,0.0,9.1,7.9,8.6,22.8,11.6
arwu,2026-07-19T13:10:45+00:00,overall,2005,301-400,University of Konstanz,,university-of-konstanz,Germany,DE,24-33,,0.0,0.0,11.1,15.3,23.4,12.8
arwu,2026-07-19T13:10:45+00:00,overall,2005,301-400,University of Lausanne,,university-of-lausanne,Switzerland,CH,7,,0.0,0.0,0.0,18.5,28.2,17.9
arwu,2026-07-19T13:10:45+00:00,overall,2005,301-400,University of Nebraska Medical Center,,university-of-nebraska-medical-center,United States,US,120-140,,0.0,0.0,15.7,6.2,20.9,11.4
arwu,2026-07-19T13:10:45+00:00,overall,2005,301-400,University of Nevada - Reno,,university-of-nevada-reno,United States,US,120-140,,0.0,0.0,7.9,14.7,24.5,15.2
arwu,2026-07-19T13:10:45+00:00,overall,2005,301-400,University of New Hampshire - Durham,,university-of-new-hampshire,United States,US,120-140,,0.0,0.0,15.7,13.0,24.7,17.1
arwu,2026-07-19T13:10:45+00:00,overall,2005,301-400,University of Newcastle,,the-university-of-newcastle-australia,Australia,AU,10,,0.0,0.0,13.6,5.5,27.5,15.4
arwu,2026-07-19T13:10:45+00:00,overall,2005,301-400,University of Oklahoma - Norman,,university-of-oklahoma-norman,United States,US,120-140,,0.0,0.0,7.9,13.1,29.5,12.5
arwu,2026-07-19T13:10:45+00:00,overall,2005,301-400,University of Otago,,university-of-otago,New Zealand,NZ,2,,0.0,0.0,11.1,11.8,31.8,15.1
arwu,2026-07-19T13:10:45+00:00,overall,2005,301-400,University of Palermo,,university-of-palermo,Italy,IT,10-18,,0.0,0.0,13.6,6.0,25.7,10.8
arwu,2026-07-19T13:10:45+00:00,overall,2005,301-400,University of Paris Dauphine (Paris 9),,paris-dauphine-university-paris-9,France,FR,14-19,,0.0,27.3,7.9,0.0,10.5,12.9
arwu,2026-07-19T13:10:45+00:00,overall,2005,301-400,University of Pavia,,university-of-pavia,Italy,IT,10-18,,0.0,0.0,7.9,10.4,31.7,16.0
arwu,2026-07-19T13:10:45+00:00,overall,2005,301-400,University of Perugia,,university-of-perugia,Italy,IT,10-18,,0.0,0.0,7.9,9.2,29.2,14.8
arwu,2026-07-19T13:10:45+00:00,overall,2005,301-400,University of Regensburg,,university-of-regensburg,Germany,DE,24-33,,0.0,0.0,7.9,13.7,32.0,15.2
arwu,2026-07-19T13:10:45+00:00,overall,2005,301-400,University of Rhode Island,,university-of-rhode-island,United States,US,120-140,,0.0,0.0,19.2,13.1,19.7,15.9
arwu,2026-07-19T13:10:45+00:00,overall,2005,301-400,University of Roma - Tor Vergata,,university-of-roma-tor-vergata,Italy,IT,10-18,,0.0,0.0,0.0,7.4,34.3,16.1
arwu,2026-07-19T13:10:45+00:00,overall,2005,301-400,University of Science and Technology of China,,university-of-science-and-technology-of-china,China,CN,3-7,,0.0,0.0,0.0,10.5,40.1,16.9
arwu,2026-07-19T13:10:45+00:00,overall,2005,301-400,University of the Mediterranean (Aix-Marseille 2),,university-of-the-mediterranean-aix-marseille-2,France,FR,14-19,,0.0,0.0,13.6,15.5,24.7,13.7
arwu,2026-07-19T13:10:45+00:00,overall,2005,301-400,University of the Witwatersrand,,university-of-the-witwatersrand,South Africa,ZA,2,,25.1,0.0,0.0,7.5,26.1,13.8
arwu,2026-07-19T13:10:45+00:00,overall,2005,301-400,University of Twente,,university-of-twente,Netherlands,NL,10-11,,0.0,0.0,11.1,15.0,27.7,16.7
arwu,2026-07-19T13:10:45+00:00,overall,2005,301-400,University of Ulm,,university-of-ulm,Germany,DE,24-33,,0.0,0.0,7.9,12.3,33.1,15.4
arwu,2026-07-19T13:10:45+00:00,overall,2005,301-400,University of Valencia,,university-of-valencia,Spain,ES,4,,0.0,0.0,0.0,7.7,38.1,16.5
arwu,2026-07-19T13:10:45+00:00,overall,2005,301-400,University of Warsaw,,university-of-warsaw,Poland,PL,1-2,,17.7,0.0,0.0,8.1,35.1,16.2
arwu,2026-07-19T13:10:45+00:00,overall,2005,301-400,University of Wyoming,,university-of-wyoming,United States,US,120-140,,0.0,0.0,7.9,12.5,22.5,14.2
arwu,2026-07-19T13:10:45+00:00,overall,2005,301-400,Utah State University,,utah-state-university,United States,US,120-140,,0.0,0.0,7.9,13.0,23.7,13.7
arwu,2026-07-19T13:10:45+00:00,overall,2005,301-400,Vienna University of Technology,,vienna-university-of-technology,Austria,AT,3-4,,0.0,0.0,0.0,14.8,30.2,14.3
arwu,2026-07-19T13:10:45+00:00,overall,2005,301-400,Waseda University,,waseda-university,Japan,JP,14-24,,0.0,0.0,11.1,6.4,29.0,13.5
arwu,2026-07-19T13:10:45+00:00,overall,2005,301-400,Yamaguchi University,,yamaguchi-university,Japan,JP,14-24,,0.0,0.0,15.7,5.2,23.9,16.0
arwu,2026-07-19T13:10:45+00:00,overall,2005,301-400,Zhejiang University,,zhejiang-university,China,CN,3-7,,0.0,0.0,0.0,5.7,49.7,13.7
arwu,2026-07-19T13:10:45+00:00,overall,2005,401-500,Aalto University,,aalto-university,Finland,FI,3-5,,0.0,0.0,0.0,11.4,28.6,13.1
arwu,2026-07-19T13:10:45+00:00,overall,2005,401-500,Autonomous University of Barcelona,,autonomous-university-of-barcelona,Spain,ES,5-9,,0.0,0.0,0.0,3.3,35.4,15.1
arwu,2026-07-19T13:10:45+00:00,overall,2005,401-500,Boston College,,boston-college,United States,US,141-168,,0.0,0.0,7.9,8.6,21.7,12.7
arwu,2026-07-19T13:10:45+00:00,overall,2005,401-500,Drexel University,,drexel-university,United States,US,141-168,,0.0,0.0,0.0,11.8,28.6,15.5
arwu,2026-07-19T13:10:45+00:00,overall,2005,401-500,Ehime University,,ehime-university,Japan,JP,25-34,,0.0,0.0,7.9,8.7,23.0,14.5
arwu,2026-07-19T13:10:45+00:00,overall,2005,401-500,Flinders University,,flinders-university,Australia,AU,11-14,,0.0,0.0,7.9,6.4,23.1,14.9
arwu,2026-07-19T13:10:45+00:00,overall,2005,401-500,Florida International University,,florida-international-university,United States,US,141-168,,0.0,0.0,7.9,7.8,24.1,13.0
arwu,2026-07-19T13:10:45+00:00,overall,2005,401-500,Gifu University,,gifu-university,Japan,JP,25-34,,0.0,0.0,7.9,5.2,25.5,16.2
arwu,2026-07-19T13:10:45+00:00,overall,2005,401-500,Hacettepe University,,hacettepe-university,Türkiye,TR,1-2,,0.0,0.0,0.0,1.6,32.4,13.8
arwu,2026-07-19T13:10:45+00:00,overall,2005,401-500,Hannover Medical School,,hannover-medical-school,Germany,DE,34-40,,0.0,0.0,0.0,7.2,27.9,12.2
arwu,2026-07-19T13:10:45+00:00,overall,2005,401-500,Hanyang University,,hanyang-university,South Korea,KR,6-8,,0.0,0.0,0.0,1.6,35.3,15.0
arwu,2026-07-19T13:10:45+00:00,overall,2005,401-500,Howard University,,howard-university,United States,US,141-168,,15.4,0.0,7.9,8.0,18.7,9.6
arwu,2026-07-19T13:10:45+00:00,overall,2005,401-500,Indian Institute of Technology Kharagpur,,indian-institute-of-technology-kharagpur,India,IN,2-3,,0.0,0.0,11.1,4.9,24.5,11.6
arwu,2026-07-19T13:10:45+00:00,overall,2005,401-500,Istanbul University,,istanbul-university,Türkiye,TR,1-2,,0.0,0.0,0.0,2.5,31.1,13.3
arwu,2026-07-19T13:10:45+00:00,overall,2005,401-500,Jilin University,,jilin-university,China,CN,8,,0.0,0.0,0.0,6.2,32.3,9.1
arwu,2026-07-19T13:10:45+00:00,overall,2005,401-500,Juntendo University,,juntendo-university,Japan,JP,25-34,,0.0,0.0,11.1,5.8,19.5,9.9
arwu,2026-07-19T13:10:45+00:00,overall,2005,401-500,Kagoshima University,,kagoshima-university,Japan,JP,25-34,,0.0,0.0,7.9,6.4,24.1,13.8
arwu,2026-07-19T13:10:45+00:00,overall,2005,401-500,Kent State University,,kent-state-university,United States,US,141-168,,0.0,0.0,7.9,5.4,23.0,11.5
arwu,2026-07-19T13:10:45+00:00,overall,2005,401-500,Korea University,,korea-university,South Korea,KR,6-8,,0.0,0.0,0.0,0.0,36.8,15.6
arwu,2026-07-19T13:10:45+00:00,overall,2005,401-500,Kumamoto University,,kumamoto-university,Japan,JP,25-34,,0.0,0.0,0.0,8.5,27.2,16.0
arwu,2026-07-19T13:10:45+00:00,overall,2005,401-500,Kyungpook National University,,kyungpook-national-university,South Korea,KR,6-8,,0.0,0.0,0.0,4.9,30.4,13.1
arwu,2026-07-19T13:10:45+00:00,overall,2005,401-500,La Trobe University,,la-trobe-university,Australia,AU,11-14,,0.0,0.0,7.9,8.3,24.2,12.2
arwu,2026-07-19T13:10:45+00:00,overall,2005,401-500,Lehigh University,,lehigh-university,United States,US,141-168,,0.0,0.0,11.1,5.4,21.6,15.9
arwu,2026-07-19T13:10:45+00:00,overall,2005,401-500,Loyola University Chicago,,loyola-university-chicago,United States,US,141-168,,0.0,0.0,7.9,3.8,24.8,11.2
arwu,2026-07-19T13:10:45+00:00,overall,2005,401-500,Massey University,,massey-university,New Zealand,NZ,3-5,,0.0,0.0,7.9,7.2,23.6,11.0
arwu,2026-07-19T13:10:45+00:00,overall,2005,401-500,Medical College of Georgia,,medical-college-of-georgia,United States,US,141-168,,0.0,0.0,7.9,9.2,21.7,10.6
arwu,2026-07-19T13:10:45+00:00,overall,2005,401-500,Medical University of Graz,,medical-university-of-graz,Austria,AT,5-6,,0.0,11.2,11.1,3.8,17.5,9.0
arwu,2026-07-19T13:10:45+00:00,overall,2005,401-500,Medical University of Innsbruck,,medical-university-of-innsbruck,Austria,AT,5-6,,0.0,0.0,7.9,5.2,21.8,10.1
arwu,2026-07-19T13:10:45+00:00,overall,2005,401-500,Memorial University of Newfoundland,,memorial-university-of-newfoundland,Canada,CA,20-23,,0.0,0.0,7.9,6.4,22.0,10.3
arwu,2026-07-19T13:10:45+00:00,overall,2005,401-500,Michigan Technological University,,michigan-technological-university,United States,US,141-168,,12.5,0.0,11.1,5.7,16.0,15.1
arwu,2026-07-19T13:10:45+00:00,overall,2005,401-500,Montana State University - Bozeman,,montana-state-university-bozeman,United States,US,141-168,,0.0,0.0,7.9,7.6,21.6,10.3
arwu,2026-07-19T13:10:45+00:00,overall,2005,401-500,Murdoch University,,murdoch-university,Australia,AU,11-14,,0.0,0.0,11.1,4.1,19.1,14.6
arwu,2026-07-19T13:10:45+00:00,overall,2005,401-500,Nara Institute of Science and Technology,,nara-institute-of-science-and-technology,Japan,JP,25-34,,0.0,0.0,11.1,10.0,18.8,10.2
arwu,2026-07-19T13:10:45+00:00,overall,2005,401-500,National Chiao Tung University,,national-chiao-tung-university,China-Taiwan,TW,4-5,,0.0,0.0,0.0,0.0,33.7,18.5
arwu,2026-07-19T13:10:45+00:00,overall,2005,401-500,National Yang Ming University,,national-yang-ming-university,China-Taiwan,TW,4-5,,0.0,0.0,0.0,5.6,27.4,19.5
arwu,2026-07-19T13:10:45+00:00,overall,2005,401-500,New Jersey Institute of Technology,,new-jersey-institute-of-technology,United States,US,141-168,,0.0,0.0,7.9,7.3,18.4,13.8
arwu,2026-07-19T13:10:45+00:00,overall,2005,401-500,New Mexico State University,,new-mexico-state-university,United States,US,141-168,,0.0,0.0,11.1,6.6,22.6,13.2
arwu,2026-07-19T13:10:45+00:00,overall,2005,401-500,Northeastern University,,northeastern-university-boston,United States,US,141-168,,0.0,0.0,7.9,9.4,24.6,12.7
arwu,2026-07-19T13:10:45+00:00,overall,2005,401-500,Northern Arizona University,,northern-arizona-university,United States,US,141-168,,0.0,0.0,11.1,12.0,15.1,11.0
arwu,2026-07-19T13:10:45+00:00,overall,2005,401-500,Old Dominion University,,old-dominion-university,United States,US,141-168,,0.0,0.0,11.1,6.2,18.1,11.9
arwu,2026-07-19T13:10:45+00:00,overall,2005,401-500,Osaka City University,,osaka-city-university,Japan,JP,25-34,,0.0,0.0,0.0,8.0,28.7,12.7
arwu,2026-07-19T13:10:45+00:00,overall,2005,401-500,Osaka Prefecture University,,osaka-prefecture-university,Japan,JP,25-34,,0.0,0.0,11.1,2.2,25.0,11.6
arwu,2026-07-19T13:10:45+00:00,overall,2005,401-500,Polytechnic University of Turin,,polytechnic-university-of-turin,Italy,IT,19-23,,0.0,0.0,11.1,1.6,24.9,12.6
arwu,2026-07-19T13:10:45+00:00,overall,2005,401-500,Polytechnic University of Valencia,,polytechnic-university-of-valencia,Spain,ES,5-9,,0.0,0.0,0.0,9.2,26.4,11.9
arwu,2026-07-19T13:10:45+00:00,overall,2005,401-500,Saarland University,,saarland-university,Germany,DE,34-40,,0.0,0.0,0.0,9.6,27.8,12.5
arwu,2026-07-19T13:10:45+00:00,overall,2005,401-500,UNESP,,unesp,Brazil,BR,4,,0.0,0.0,0.0,2.2,32.0,13.6
arwu,2026-07-19T13:10:45+00:00,overall,2005,401-500,Southern Methodist University,,southern-methodist-university,United States,US,141-168,,15.4,0.0,7.9,5.4,18.7,13.4
arwu,2026-07-19T13:10:45+00:00,overall,2005,401-500,Swansea Univ,,swansea-university,United Kingdom,GB,37-40,,0.0,0.0,7.9,6.4,22.4,10.4
arwu,2026-07-19T13:10:45+00:00,overall,2005,401-500,The College of William and Mary,,college-of-william-and-mary,United States,US,141-168,,0.0,0.0,7.9,10.7,21.1,13.7
arwu,2026-07-19T13:10:45+00:00,overall,2005,401-500,The Graduate University for Advanced Studies,,the-graduate-university-for-advanced-studies,Japan,JP,25-34,,0.0,0.0,0.0,16.1,18.7,10.5
arwu,2026-07-19T13:10:45+00:00,overall,2005,401-500,The Royal Veterinary and Agricultural University,,the-royal-veterinary-and-agricultural-university,Denmark,DK,5,,0.0,0.0,7.9,8.2,25.5,11.8
arwu,2026-07-19T13:10:45+00:00,overall,2005,401-500,The University of Akron,,the-university-of-akron,United States,US,141-168,,0.0,0.0,11.1,4.9,22.3,11.9
arwu,2026-07-19T13:10:45+00:00,overall,2005,401-500,The University of Connecticut Health Center,,the-university-of-connecticut-health-center,United States,US,141-168,,0.0,0.0,7.9,14.1,19.9,10.9
arwu,2026-07-19T13:10:45+00:00,overall,2005,401-500,The University of Memphis,,the-university-of-memphis,United States,US,141-168,,0.0,0.0,7.9,6.5,21.1,10.4
arwu,2026-07-19T13:10:45+00:00,overall,2005,401-500,Tokyo Metropolitan University,,tokyo-metropolitan-university,Japan,JP,25-34,,0.0,0.0,7.9,10.1,24.2,11.6
arwu,2026-07-19T13:10:45+00:00,overall,2005,401-500,University College Cork,,university-college-cork,Ireland,IE,2-3,,0.0,0.0,13.6,3.5,22.5,11.3
arwu,2026-07-19T13:10:45+00:00,overall,2005,401-500,University College Dublin,,university-college-dublin,Ireland,IE,2-3,,0.0,0.0,0.0,9.0,29.7,13.2
arwu,2026-07-19T13:10:45+00:00,overall,2005,401-500,University of Bari,,university-of-bari,Italy,IT,19-23,,0.0,0.0,0.0,2.2,31.5,13.0
arwu,2026-07-19T13:10:45+00:00,overall,2005,401-500,University of Bradford,,university-of-bradford,United Kingdom,GB,37-40,,0.0,0.0,11.1,5.9,19.8,10.0
arwu,2026-07-19T13:10:45+00:00,overall,2005,401-500,University of Bremen,,university-of-bremen,Germany,DE,34-40,,0.0,0.0,0.0,14.8,25.5,12.5
arwu,2026-07-19T13:10:45+00:00,overall,2005,401-500,University of Calcutta,,university-of-calcutta,India,IN,2-3,,15.4,12.9,0.0,0.0,14.7,9.5
arwu,2026-07-19T13:10:45+00:00,overall,2005,401-500,University of Canterbury,,university-of-canterbury,New Zealand,NZ,3-5,,0.0,0.0,7.9,5.4,23.9,10.9
arwu,2026-07-19T13:10:45+00:00,overall,2005,401-500,University of Central Florida,,university-of-central-florida,United States,US,141-168,,0.0,0.0,13.6,0.0,27.0,11.9
arwu,2026-07-19T13:10:45+00:00,overall,2005,401-500,University of Duisburg-Essen,,university-of-duisburg-essen-1,Germany,DE,34-40,,0.0,0.0,0.0,7.0,31.1,13.6
arwu,2026-07-19T13:10:45+00:00,overall,2005,401-500,University of Exeter,,university-of-exeter,United Kingdom,GB,37-40,,0.0,0.0,0.0,11.6,29.3,13.4
arwu,2026-07-19T13:10:45+00:00,overall,2005,401-500,University of Fribourg,,university-of-fribourg,Switzerland,CH,8,,0.0,0.0,11.1,11.6,15.9,16.7
arwu,2026-07-19T13:10:45+00:00,overall,2005,401-500,University of Giessen,,university-of-giessen,Germany,DE,34-40,,0.0,0.0,0.0,7.1,31.9,13.9
arwu,2026-07-19T13:10:45+00:00,overall,2005,401-500,University of Granada,,university-of-granada,Spain,ES,5-9,,0.0,0.0,0.0,6.5,31.8,13.8
arwu,2026-07-19T13:10:45+00:00,overall,2005,401-500,University of Haifa,,university-of-haifa,Israel,IL,7,,0.0,0.0,7.9,5.2,26.4,11.9
arwu,2026-07-19T13:10:45+00:00,overall,2005,401-500,University of Idaho,,university-of-idaho,United States,US,141-168,,0.0,0.0,7.9,6.7,22.5,13.5
arwu,2026-07-19T13:10:45+00:00,overall,2005,401-500,University of Jena,,university-of-jena,Germany,DE,34-40,,0.0,0.0,0.0,8.6,32.2,14.2
arwu,2026-07-19T13:10:45+00:00,overall,2005,401-500,University of Jyvaskyla,,university-of-jyvaskyla,Finland,FI,3-5,,0.0,0.0,7.9,9.0,23.2,11.1
arwu,2026-07-19T13:10:45+00:00,overall,2005,401-500,University of KwaZulu-Natal,,university-of-kwazulu-natal,South Africa,ZA,3-4,,0.0,0.0,7.9,8.9,23.1,11.0
arwu,2026-07-19T13:10:45+00:00,overall,2005,401-500,University of Lisbon,,university-of-lisbon,Portugal,PT,1,,0.0,9.1,0.0,3.8,24.3,11.1
arwu,2026-07-19T13:10:45+00:00,overall,2005,401-500,University of Louisville,,university-of-louisville,United States,US,141-168,,0.0,0.0,0.0,8.0,31.2,15.6
arwu,2026-07-19T13:10:45+00:00,overall,2005,401-500,University of Maastricht,,maastricht-university,Netherlands,NL,12,,0.0,0.0,0.0,4.9,32.6,17.3
arwu,2026-07-19T13:10:45+00:00,overall,2005,401-500,University of Maine,,university-of-maine,United States,US,141-168,,0.0,0.0,7.9,10.6,19.5,13.6
arwu,2026-07-19T13:10:45+00:00,overall,2005,401-500,"University of Maryland, Baltimore County",,university-of-maryland-baltimore-county,United States,US,141-168,,0.0,0.0,11.1,8.6,20.4,14.9
arwu,2026-07-19T13:10:45+00:00,overall,2005,401-500,University of Mississippi,,university-of-mississippi,United States,US,141-168,,0.0,0.0,7.9,4.9,24.3,11.0
arwu,2026-07-19T13:10:45+00:00,overall,2005,401-500,University of Oulu,,university-of-oulu,Finland,FI,3-5,,0.0,0.0,0.0,6.9,29.9,13.0
arwu,2026-07-19T13:10:45+00:00,overall,2005,401-500,University of Parma,,university-of-parma,Italy,IT,19-23,,0.0,0.0,0.0,7.8,27.9,13.6
arwu,2026-07-19T13:10:45+00:00,overall,2005,401-500,University of Pretoria,,university-of-pretoria,South Africa,ZA,3-4,,0.0,0.0,0.0,9.4,25.4,11.5
arwu,2026-07-19T13:10:45+00:00,overall,2005,401-500,University of Provence (Aix-Marseille 1),,university-of-provence-aix-marseille-1,France,FR,20-21,,8.9,0.0,7.9,5.5,22.0,10.5
arwu,2026-07-19T13:10:45+00:00,overall,2005,401-500,University of Quebec,,university-of-quebec-2,Canada,CA,20-23,,0.0,0.0,0.0,6.6,31.6,13.7
arwu,2026-07-19T13:10:45+00:00,overall,2005,401-500,University of Rostock,,university-of-rostock,Germany,DE,34-40,,0.0,0.0,7.9,6.0,25.0,11.4
arwu,2026-07-19T13:10:45+00:00,overall,2005,401-500,University of Sevilla,,university-of-seville,Spain,ES,5-9,,0.0,0.0,0.0,8.7,30.7,13.6
arwu,2026-07-19T13:10:45+00:00,overall,2005,401-500,University of Sherbrooke,,university-of-sherbrooke,Canada,CA,20-23,,0.0,0.0,7.9,9.7,22.5,10.9
arwu,2026-07-19T13:10:45+00:00,overall,2005,401-500,University of Siena,,university-of-siena,Italy,IT,19-23,,0.0,0.0,0.0,6.9,27.1,16.6
arwu,2026-07-19T13:10:45+00:00,overall,2005,401-500,University of Surrey,,university-of-surrey,United Kingdom,GB,37-40,,0.0,0.0,0.0,6.4,30.2,13.1
arwu,2026-07-19T13:10:45+00:00,overall,2005,401-500,University of Tasmania,,university-of-tasmania,Australia,AU,11-14,,0.0,0.0,7.9,7.5,24.6,15.3
arwu,2026-07-19T13:10:45+00:00,overall,2005,401-500,University of Tennessee Health Science Center,,university-of-tennessee-health-science-center,United States,US,141-168,,0.0,0.0,7.9,2.2,25.3,11.3
arwu,2026-07-19T13:10:45+00:00,overall,2005,401-500,University of Trieste,,university-of-trieste,Italy,IT,19-23,,0.0,0.0,0.0,7.8,27.6,15.4
arwu,2026-07-19T13:10:45+00:00,overall,2005,401-500,University of Tromso,,university-of-tromso,Norway,NO,4,,0.0,0.0,11.1,4.6,21.8,10.6
arwu,2026-07-19T13:10:45+00:00,overall,2005,401-500,University of Wisconsin - Milwaukee,,university-of-wisconsin-milwaukee,United States,US,141-168,,14.0,0.0,0.0,6.4,25.6,11.8
arwu,2026-07-19T13:10:45+00:00,overall,2005,401-500,University of Wroclaw,,university-of-wroclaw,Poland,PL,3,,8.9,0.0,0.0,6.2,25.2,11.3
arwu,2026-07-19T13:10:45+00:00,overall,2005,401-500,University of Zaragoza,,university-of-zaragoza,Spain,ES,5-9,,0.0,0.0,7.9,4.3,27.3,12.2
arwu,2026-07-19T13:10:45+00:00,overall,2005,401-500,Victor Segalen Bordeaux 2 University,,victor-segalen-bordeaux-2-university,France,FR,20-21,,0.0,0.0,7.9,12.6,21.2,11.0
arwu,2026-07-19T13:10:45+00:00,overall,2005,401-500,Victoria University of Wellington,,victoria-university-of-wellington,New Zealand,NZ,3-5,,15.4,0.0,0.0,8.1,22.0,11.0
arwu,2026-07-19T13:10:45+00:00,overall,2005,401-500,Vrije University Brussel,,vrije-universiteit-brussel-vub,Belgium,BE,7,,0.0,0.0,0.0,9.1,27.5,20.6
arwu,2026-07-19T13:10:45+00:00,overall,2005,401-500,York University,,york-university,Canada,CA,20-23,,0.0,0.0,0.0,10.8,27.8,12.7
