source,retrieved_at,ranking_scope,ranking_year,score,score_11_year_articles,score_2_year_articles,score_11_year_citations,score_2_year_citations,score_average_citations,score_h_index,score_highly_cited_papers,score_high_impact_journal_articles,reference_rank_order,name,country,country_code,ranking,reference_ranking,rank_order
ntu,2026-07-19T13:10:40+00:00,overall,2007,95.9,100.0,100.0,100.0,100.0,63.0,100.0,100.0,100.0,,Harvard University,United States of America,US,1,,1
ntu,2026-07-19T13:10:40+00:00,overall,2007,59.9,55.8,56.8,45.1,43.6,51.0,79.1,39.0,49.7,,Johns Hopkins University,United States of America,US,2,,2
ntu,2026-07-19T13:10:40+00:00,overall,2007,57.2,73.7,51.4,46.5,40.3,39.7,70.9,39.3,38.8,,"University of Washington, Seattle",United States of America,US,3,,3
ntu,2026-07-19T13:10:40+00:00,overall,2007,55.7,51.8,48.0,42.9,38.2,52.3,69.8,46.3,42.9,,Stanford University,United States of America,US,4,,4
ntu,2026-07-19T13:10:40+00:00,overall,2007,55.5,57.9,57.7,38.1,39.7,41.5,67.4,38.0,46.9,,"University of California,  Los Angeles",United States of America,US,5,,5
ntu,2026-07-19T13:10:40+00:00,overall,2007,54.7,73.8,55.6,38.3,35.3,32.7,67.4,32.0,44.0,,"University of Michigan, Ann Arbor",United States of America,US,6,,6
ntu,2026-07-19T13:10:40+00:00,overall,2007,51.7,51.6,44.8,34.9,36.2,42.7,67.4,41.6,30.8,,"University of California, Berkeley",United States of America,US,7,,7
ntu,2026-07-19T13:10:40+00:00,overall,2007,50.0,43.2,40.5,34.6,32.2,50.4,68.6,31.2,35.4,,"University of California, San Diego",United States of America,US,8,,8
ntu,2026-07-19T13:10:40+00:00,overall,2007,49.9,44.3,44.6,31.6,32.0,45.0,65.1,30.8,40.7,,Columbia University,United States of America,US,9,,9
ntu,2026-07-19T13:10:40+00:00,overall,2007,49.9,38.5,33.4,30.5,33.8,49.8,75.6,40.5,25.8,,Massachusetts Institute of Technology,United States of America,US,9,,10
ntu,2026-07-19T13:10:40+00:00,overall,2007,49.4,48.8,48.6,34.0,35.2,43.9,64.0,29.8,39.9,,University of Pennsylvania,United States of America,US,11,,11
ntu,2026-07-19T13:10:40+00:00,overall,2007,48.4,56.5,55.6,31.1,32.4,34.7,59.3,23.8,35.7,,University of Toronto,Canada,CA,12,,12
ntu,2026-07-19T13:10:40+00:00,overall,2007,47.7,75.1,57.0,33.7,31.7,28.3,55.8,24.7,24.3,,University of Tokyo,Japan,JP,13,,13
ntu,2026-07-19T13:10:40+00:00,overall,2007,47.6,39.1,38.5,32.7,28.9,52.6,62.8,30.1,33.2,,Yale University,United States of America,US,14,,14
ntu,2026-07-19T13:10:40+00:00,overall,2007,46.6,38.8,38.7,37.6,33.0,61.0,67.4,28.1,39.2,,"University of California, San Francisco",United States of America,US,15,,15
ntu,2026-07-19T13:10:40+00:00,overall,2007,45.9,37.2,38.9,26.9,28.2,45.6,61.6,25.3,37.8,,Duke University,United States of America,US,16,,16
ntu,2026-07-19T13:10:40+00:00,overall,2007,45.8,47.4,39.9,29.5,30.5,39.3,60.5,26.3,23.9,,University of Cambridge,United Kingdom of Great Britain and Northern Ireland,GB,17,,17
ntu,2026-07-19T13:10:40+00:00,overall,2007,45.6,44.8,41.0,27.6,26.5,38.9,60.5,26.8,29.6,,Cornell University,United States of America,US,18,,18
ntu,2026-07-19T13:10:40+00:00,overall,2007,44.7,41.5,38.8,27.3,29.2,41.5,60.5,23.4,24.9,,University of Oxford,United Kingdom of Great Britain and Northern Ireland,GB,19,,19
ntu,2026-07-19T13:10:40+00:00,overall,2007,44.4,57.3,39.4,29.0,25.0,31.9,54.7,24.2,28.2,,"University of Wisconsin, Madison",United States of America,US,20,,20
ntu,2026-07-19T13:10:40+00:00,overall,2007,44.0,53.7,43.0,27.6,26.2,32.5,58.1,19.6,34.7,,"University of Pittsburgh, Pittsburgh",United States of America,US,21,,21
ntu,2026-07-19T13:10:40+00:00,overall,2007,43.8,60.7,41.3,29.8,23.3,30.9,51.2,25.4,28.8,,"University of Minnesota, Twin Cities",United States of America,US,22,,22
ntu,2026-07-19T13:10:40+00:00,overall,2007,42.0,46.4,33.8,25.0,22.9,34.0,58.1,19.1,26.9,,"University of North Carolina, Chapel Hill",United States of America,US,23,,23
ntu,2026-07-19T13:10:40+00:00,overall,2007,41.5,38.9,43.4,21.3,29.3,34.5,57.0,17.0,30.5,,University College London (UCL),United Kingdom of Great Britain and Northern Ireland,GB,24,,24
ntu,2026-07-19T13:10:40+00:00,overall,2007,41.2,31.6,29.2,27.4,22.2,54.6,58.1,19.9,24.4,,Washington University in St. Louis,United States of America,US,25,,25
ntu,2026-07-19T13:10:40+00:00,overall,2007,40.9,27.6,34.7,20.6,25.3,47.0,58.1,20.8,25.8,,University of Chicago,United States of America,US,26,,26
ntu,2026-07-19T13:10:40+00:00,overall,2007,39.8,54.4,42.3,23.5,23.2,27.2,51.2,15.5,19.1,,Kyoto University,Japan,JP,27,,27
ntu,2026-07-19T13:10:40+00:00,overall,2007,39.7,35.1,41.4,16.9,28.1,30.4,54.7,17.2,27.3,,Imperial College London,United Kingdom of Great Britain and Northern Ireland,GB,28,,28
ntu,2026-07-19T13:10:40+00:00,overall,2007,37.5,31.7,32.5,19.7,21.3,39.3,51.2,19.3,27.2,,Northwestern University,United States of America,US,29,,29
ntu,2026-07-19T13:10:40+00:00,overall,2007,37.4,45.7,34.2,18.6,18.6,25.6,51.2,15.4,18.3,,"Ohio State University, Columbus",United States of America,US,30,,30
ntu,2026-07-19T13:10:40+00:00,overall,2007,37.4,39.4,35.3,18.9,19.7,30.2,51.2,19.1,18.2,,"Pennsylvania State University, University Park",United States of America,US,30,,31
ntu,2026-07-19T13:10:40+00:00,overall,2007,37.0,23.0,21.4,19.1,22.7,52.3,58.1,24.4,13.6,,California Institute of Technology,United States of America,US,32,,32
ntu,2026-07-19T13:10:40+00:00,overall,2007,36.9,25.0,25.4,14.6,18.6,36.9,57.0,11.5,22.7,,"University of Texas, M. D. Anderson Cancer Center",USA,US,33,,33
ntu,2026-07-19T13:10:40+00:00,overall,2007,36.8,23.6,16.5,19.5,15.8,52.2,54.7,13.4,17.4,,"University of Texas, Southwestern Medical Center at Dallas",USA,US,34,,34
ntu,2026-07-19T13:10:40+00:00,overall,2007,36.6,34.8,31.8,20.0,19.7,36.2,50.0,13.0,19.1,,McGill University,Canada,CA,35,,35
ntu,2026-07-19T13:10:40+00:00,overall,2007,36.6,39.3,38.4,18.0,18.9,29.0,43.0,15.7,25.3,,"University of California, Davis",United States of America,US,35,,36
ntu,2026-07-19T13:10:40+00:00,overall,2007,36.4,28.9,35.0,19.7,23.9,43.0,59.3,14.6,34.6,,Mayo Medical School,United States of America,US,37,,37
ntu,2026-07-19T13:10:40+00:00,overall,2007,35.9,30.5,27.7,16.3,17.4,33.6,52.3,14.9,18.3,,University of Arizona,United States of America,US,38,,38
ntu,2026-07-19T13:10:40+00:00,overall,2007,35.8,34.7,34.9,17.1,18.5,31.0,47.7,13.1,18.2,,University of British Columbia,Canada,CA,39,,39
ntu,2026-07-19T13:10:40+00:00,overall,2007,35.6,47.6,36.2,21.1,19.7,28.0,54.7,13.1,13.2,,Osaka University,Japan,JP,40,,40
ntu,2026-07-19T13:10:40+00:00,overall,2007,34.9,41.4,30.6,18.2,15.3,27.7,41.9,15.6,16.0,,"University of Illinois, Urbana-Champaign",United States of America,US,41,,41
ntu,2026-07-19T13:10:40+00:00,overall,2007,34.5,23.5,39.4,9.6,22.7,25.7,53.5,6.9,23.6,,Katholieke Universiteit Leuven,Belgium,BE,42,,42
ntu,2026-07-19T13:10:40+00:00,overall,2007,34.5,26.1,26.7,16.6,16.7,40.0,53.5,14.9,19.5,,New York University,United States of America,US,42,,43
ntu,2026-07-19T13:10:40+00:00,overall,2007,34.2,41.0,40.3,15.5,17.2,23.8,40.7,11.2,20.6,,University of Florida,United States of America,US,44,,44
ntu,2026-07-19T13:10:40+00:00,overall,2007,33.7,23.8,24.8,16.6,17.6,43.9,48.8,14.0,21.2,,Vanderbilt University,United States of America,US,45,,45
ntu,2026-07-19T13:10:40+00:00,overall,2007,33.1,31.5,28.1,15.1,16.8,30.1,45.4,11.1,16.2,,Ludwig Maximilian University of Munich,Germany,DE,46,,46
ntu,2026-07-19T13:10:40+00:00,overall,2007,32.9,24.5,24.1,15.9,15.8,40.8,46.5,13.9,19.7,,Boston University,United States of America,US,47,,47
ntu,2026-07-19T13:10:40+00:00,overall,2007,32.6,20.8,18.5,15.3,14.8,46.5,45.4,22.0,11.5,,Princeton University,United States of America,US,48,,48
ntu,2026-07-19T13:10:40+00:00,overall,2007,32.5,21.0,22.6,12.5,15.3,37.4,51.2,11.8,15.2,,"University of California, Irvine",United States of America,US,49,,49
ntu,2026-07-19T13:10:40+00:00,overall,2007,32.4,28.4,28.9,18.2,20.0,40.4,52.3,9.5,18.7,,Karolinska Institutet,Sweden,SE,50,,50
ntu,2026-07-19T13:10:40+00:00,overall,2007,32.2,28.1,26.7,16.2,13.9,36.3,38.4,14.3,19.1,,University of Southern California,United States of America,US,51,,51
ntu,2026-07-19T13:10:40+00:00,overall,2007,32.1,23.3,20.5,13.0,14.9,35.3,50.0,10.8,12.0,,University of Edinburgh,United Kingdom of Great Britain and Northern Ireland,GB,52,,52
ntu,2026-07-19T13:10:40+00:00,overall,2007,32.1,30.3,25.5,16.2,15.4,33.8,44.2,11.1,14.0,,University of Helsinki,Finland,FI,52,,53
ntu,2026-07-19T13:10:40+00:00,overall,2007,32.0,23.1,27.2,16.7,16.3,45.5,45.4,12.9,24.0,,Emory University,United States of America,US,54,,54
ntu,2026-07-19T13:10:40+00:00,overall,2007,31.8,24.0,17.2,14.0,12.2,36.7,45.4,8.5,15.1,,"University of Colorado, Denver",United States of America,US,55,,55
ntu,2026-07-19T13:10:40+00:00,overall,2007,31.6,30.5,28.9,15.5,15.1,32.0,39.5,10.2,18.3,,Utrecht University,Netherlands,NL,56,,56
ntu,2026-07-19T13:10:40+00:00,overall,2007,31.4,29.7,20.5,15.5,12.3,32.8,45.4,9.0,16.7,,"University of Alabama, Birmingham",United States of America,US,57,,57
ntu,2026-07-19T13:10:40+00:00,overall,2007,31.3,27.5,29.4,11.4,14.2,26.0,45.4,8.9,14.4,,University of Manchester,United Kingdom of Great Britain and Northern Ireland,GB,58,,58
ntu,2026-07-19T13:10:40+00:00,overall,2007,31.3,23.8,20.8,14.7,13.2,38.9,45.4,10.5,14.2,,University of Virginia,United States of America,US,58,,59
ntu,2026-07-19T13:10:40+00:00,overall,2007,31.2,25.4,24.6,13.0,16.3,32.3,50.0,8.2,14.8,,Ruprecht Karl University of Heidelberg,Germany,DE,60,,60
ntu,2026-07-19T13:10:40+00:00,overall,2007,31.2,26.2,21.2,15.3,12.1,36.7,44.2,10.5,15.3,,University of Iowa,United States of America,US,60,,61
ntu,2026-07-19T13:10:40+00:00,overall,2007,31.2,30.6,23.8,13.2,12.1,27.2,43.0,12.7,11.2,,"University of Maryland, College Park",United States of America,US,60,,62
ntu,2026-07-19T13:10:40+00:00,overall,2007,31.0,20.9,19.9,17.7,15.9,53.4,48.8,11.0,19.3,,Baylor College of Medicine,United States of America,US,63,,63
ntu,2026-07-19T13:10:40+00:00,overall,2007,31.0,25.0,17.5,13.2,12.1,33.2,43.0,12.3,10.6,,"University of Colorado, Boulder",United States of America,US,63,,64
ntu,2026-07-19T13:10:40+00:00,overall,2007,31.0,25.0,34.1,9.8,16.3,24.8,43.0,6.7,16.6,,University of Melbourne,Australia,AU,63,,65
ntu,2026-07-19T13:10:40+00:00,overall,2007,31.0,30.0,24.5,12.2,13.1,25.6,39.5,12.3,12.7,,"University of Texas, Austin",United States of America,US,63,,66
ntu,2026-07-19T13:10:40+00:00,overall,2007,30.9,22.9,21.9,13.9,12.4,38.4,41.9,9.3,15.1,,University of Utah,United States of America,US,67,,67
ntu,2026-07-19T13:10:40+00:00,overall,2007,30.6,7.8,5.2,12.3,9.3,100.0,52.3,10.0,6.4,,Rockefeller University,United States of America,US,68,,68
ntu,2026-07-19T13:10:40+00:00,overall,2007,30.5,30.5,22.9,14.7,13.7,30.3,45.4,9.0,11.7,,Lund University,Sweden,SE,69,,69
ntu,2026-07-19T13:10:40+00:00,overall,2007,30.3,44.0,33.5,14.6,15.5,20.9,43.0,10.2,10.5,,Tohoku University,Japan,JP,70,,70
ntu,2026-07-19T13:10:40+00:00,overall,2007,30.2,28.7,26.9,12.1,12.4,26.6,40.7,8.4,14.1,,University of Alberta,Canada,CA,71,,71
ntu,2026-07-19T13:10:40+00:00,overall,2007,30.1,23.8,22.4,13.6,14.0,36.1,43.0,8.9,14.1,,University of Zurich,Switzerland,CH,72,,72
ntu,2026-07-19T13:10:40+00:00,overall,2007,29.8,26.7,23.1,13.7,14.9,32.2,45.4,10.9,13.1,,Swiss Federal Institute of Technology - Zurich,Switzerland,CH,73,,73
ntu,2026-07-19T13:10:40+00:00,overall,2007,29.7,28.5,26.0,12.8,13.3,28.4,45.4,7.6,12.0,,University of Milan,Italy,IT,74,,74
ntu,2026-07-19T13:10:40+00:00,overall,2007,29.6,33.7,25.0,12.1,11.1,22.7,39.5,9.7,12.0,,"Texas A&M University, College Station",United States of America,US,75,,75
ntu,2026-07-19T13:10:40+00:00,overall,2007,29.5,15.7,15.6,11.5,11.5,46.3,48.8,9.8,13.9,,Tufts University,United States of America,US,76,,76
ntu,2026-07-19T13:10:40+00:00,overall,2007,29.4,25.6,22.4,13.4,13.8,33.0,43.0,9.5,12.8,,University of Amsterdam,Netherlands,NL,77,,77
ntu,2026-07-19T13:10:40+00:00,overall,2007,29.4,27.3,28.0,10.2,12.8,23.5,38.4,6.9,12.8,,University of Sydney,Australia,AU,77,,78
ntu,2026-07-19T13:10:40+00:00,overall,2007,29.1,21.6,20.0,14.3,12.5,41.9,44.2,9.1,15.5,,Case Western Reserve University,United States of America,US,79,,79
ntu,2026-07-19T13:10:40+00:00,overall,2007,29.0,19.7,18.0,12.1,12.3,38.7,45.4,10.0,15.5,,University of Rochester,United States of America,US,80,,80
ntu,2026-07-19T13:10:40+00:00,overall,2007,28.6,17.9,15.2,12.0,9.3,42.2,39.5,9.6,10.0,,"State University of New York, Stony Brook",United States of America,US,81,,81
ntu,2026-07-19T13:10:40+00:00,overall,2007,28.6,19.5,13.6,11.3,9.1,36.5,41.9,4.6,9.1,,"University of Texas, Health Science Center at Houston",USA,US,81,,82
ntu,2026-07-19T13:10:40+00:00,overall,2007,28.3,22.1,20.3,10.5,11.5,30.0,40.7,8.6,11.9,,University of Bristol,United Kingdom of Great Britain and Northern Ireland,GB,83,,83
ntu,2026-07-19T13:10:40+00:00,overall,2007,28.3,29.6,20.9,10.6,9.0,22.6,36.1,5.6,12.3,,"University of Illinois, Chicago",United States of America,US,83,,84
ntu,2026-07-19T13:10:40+00:00,overall,2007,27.9,21.5,18.2,10.2,11.9,30.0,44.2,6.1,11.1,,University of Copenhagen,Denmark,DK,85,,85
ntu,2026-07-19T13:10:40+00:00,overall,2007,27.9,22.9,16.4,11.7,8.8,32.3,37.2,6.4,11.1,,"University of Maryland, Baltimore",United States of America,US,85,,86
ntu,2026-07-19T13:10:40+00:00,overall,2007,27.8,22.7,19.2,12.6,11.7,35.0,38.4,8.0,15.0,,Leiden University,Netherlands,NL,87,,87
ntu,2026-07-19T13:10:40+00:00,overall,2007,27.7,18.2,15.3,11.6,12.1,40.1,43.0,15.9,9.2,,"University of California, Santa Barbara",United States of America,US,88,,88
ntu,2026-07-19T13:10:40+00:00,overall,2007,27.6,19.7,19.7,10.1,10.3,32.5,38.4,7.7,12.8,,McMaster University,Canada,CA,89,,89
ntu,2026-07-19T13:10:40+00:00,overall,2007,27.6,11.9,9.0,8.4,7.4,44.6,40.7,5.0,8.1,,"University of Massachusetts, Medical School",United States of America,US,89,,90
ntu,2026-07-19T13:10:40+00:00,overall,2007,27.5,18.7,19.8,9.6,11.4,32.1,41.9,8.0,14.9,,University of Cincinnati,United States of America,US,91,,91
ntu,2026-07-19T13:10:40+00:00,overall,2007,27.4,20.1,16.6,9.8,10.5,30.7,41.9,7.0,9.1,,University of Glasgow,United Kingdom of Great Britain and Northern Ireland,GB,92,,92
ntu,2026-07-19T13:10:40+00:00,overall,2007,27.4,26.6,20.8,12.5,10.8,29.7,37.2,7.6,9.7,,Uppsala University,Sweden,SE,92,,93
ntu,2026-07-19T13:10:40+00:00,overall,2007,27.3,30.4,25.1,10.6,11.9,22.1,37.2,6.5,10.6,,Sapienza University of Rome,Italy,IT,94,,94
ntu,2026-07-19T13:10:40+00:00,overall,2007,27.3,34.6,38.1,7.4,11.4,13.4,34.9,4.4,12.5,,University of Sao Paulo,Brazil,BR,94,,95
ntu,2026-07-19T13:10:40+00:00,overall,2007,27.2,27.6,33.4,6.8,13.6,15.4,40.7,6.2,14.7,,National University of Singapore,Singapore,SG,96,,96
ntu,2026-07-19T13:10:40+00:00,overall,2007,27.2,29.4,24.4,10.1,11.0,21.6,37.2,6.3,13.0,,Tel Aviv University,Israel,IL,96,,97
ntu,2026-07-19T13:10:40+00:00,overall,2007,27.1,25.7,17.2,11.8,8.8,28.9,37.2,10.0,7.8,,"Rutgers University, New Brunswick",United States of America,US,98,,98
ntu,2026-07-19T13:10:40+00:00,overall,2007,27.1,22.3,18.1,10.1,9.2,28.7,34.9,6.7,10.5,,The Hebrew University of Jerusalem,Israel,IL,98,,99
ntu,2026-07-19T13:10:40+00:00,overall,2007,27.0,15.9,10.3,9.2,7.2,36.6,38.4,5.9,8.4,,"University of Texas, Health Science Center at San Antonio",USA,US,100,,100
ntu,2026-07-19T13:10:40+00:00,overall,2007,26.9,24.0,22.3,10.6,9.8,27.9,37.2,10.8,11.8,,Michigan State University,United States of America,US,101,,101
ntu,2026-07-19T13:10:40+00:00,overall,2007,26.9,28.8,22.6,10.1,9.6,22.0,37.2,9.3,10.0,,"Purdue University, West Lafayette",United States of America,US,101,,102
ntu,2026-07-19T13:10:40+00:00,overall,2007,26.8,19.6,21.0,9.1,11.7,29.3,40.7,6.2,12.9,,Universite de Montreal,Canada,CA,103,,103
ntu,2026-07-19T13:10:40+00:00,overall,2007,26.7,18.4,20.4,11.3,13.4,38.8,44.2,8.8,17.3,,Erasmus University Rotterdam,Netherlands,NL,104,,104
ntu,2026-07-19T13:10:40+00:00,overall,2007,26.5,22.5,19.0,10.4,10.9,29.1,40.7,8.7,10.1,,Technical University of Munich,Germany,DE,106,,105
ntu,2026-07-19T13:10:40+00:00,overall,2007,26.4,31.0,32.4,7.6,12.6,15.5,36.1,6.0,13.8,,Seoul National University,"Korea, Republic of",KR,107,,106
ntu,2026-07-19T13:10:40+00:00,overall,2007,26.3,21.4,19.2,10.6,10.6,31.2,37.2,6.6,11.9,,University of Groningen,Netherlands,NL,108,,107
ntu,2026-07-19T13:10:40+00:00,overall,2007,26.2,15.5,16.0,8.9,8.8,36.3,37.2,7.8,12.1,,Brown University,United States of America,US,109,,108
ntu,2026-07-19T13:10:40+00:00,overall,2007,26.2,18.4,18.5,8.3,8.6,28.4,38.4,6.6,10.1,,"University of Connecticut, Storrs",United States of America,US,109,,109
ntu,2026-07-19T13:10:40+00:00,overall,2007,26.1,21.2,22.8,8.6,11.6,25.7,36.1,5.0,12.5,,University of Barcelona,Spain,ES,111,,110
ntu,2026-07-19T13:10:40+00:00,overall,2007,26.1,21.1,19.0,9.7,10.2,28.9,38.4,7.2,10.8,,University of Birmingham,United Kingdom of Great Britain and Northern Ireland,GB,111,,111
ntu,2026-07-19T13:10:40+00:00,overall,2007,26.0,23.5,24.3,8.4,10.9,22.6,36.1,5.4,10.7,,University of Queensland,Australia,AU,113,,112
ntu,2026-07-19T13:10:40+00:00,overall,2007,25.9,31.0,23.5,10.0,10.2,20.3,33.7,5.3,9.3,,Kyushu University,Japan,JP,114,,113
ntu,2026-07-19T13:10:40+00:00,overall,2007,25.6,17.6,22.5,8.6,11.0,30.6,38.4,5.4,15.5,,"University of London, King's College London",United Kingdom of Great Britain and Northern Ireland,GB,115,,114
ntu,2026-07-19T13:10:40+00:00,overall,2007,25.4,22.0,20.9,8.8,10.5,25.1,37.2,5.4,9.7,,University of Padua,Italy,IT,116,,115
ntu,2026-07-19T13:10:40+00:00,overall,2007,25.3,30.0,22.5,11.2,10.8,23.4,36.1,6.7,8.6,,Nagoya University,Japan,JP,117,,116
ntu,2026-07-19T13:10:40+00:00,overall,2007,25.1,16.5,13.2,6.7,6.9,25.8,34.9,6.1,6.1,,"University of Massachusetts, Amherst",United States of America,US,119,,117
ntu,2026-07-19T13:10:40+00:00,overall,2007,25.0,19.3,17.2,8.4,8.3,27.5,33.7,6.6,8.6,,Australian National University,Australia,AU,120,,118
ntu,2026-07-19T13:10:40+00:00,overall,2007,24.9,18.9,17.5,8.8,8.1,29.4,34.9,5.8,9.1,,University of Kentucky,United States of America,US,121,,119
ntu,2026-07-19T13:10:40+00:00,overall,2007,24.8,16.8,15.2,9.3,8.5,35.0,43.0,7.1,10.7,,University of Miami,United States of America,US,122,,120
ntu,2026-07-19T13:10:40+00:00,overall,2007,24.8,26.2,12.4,11.4,7.1,27.3,32.6,5.0,7.1,,University of Vienna,Austria,AT,122,,121
ntu,2026-07-19T13:10:40+00:00,overall,2007,24.7,12.6,9.3,9.1,8.4,45.7,41.9,7.8,6.4,,Weizmann Institute of Science,Israel,IL,124,,122
ntu,2026-07-19T13:10:40+00:00,overall,2007,24.6,15.1,17.9,8.1,9.8,33.7,37.2,3.5,11.2,,Radboud University Nijmegen,Netherlands,NL,125,,123
ntu,2026-07-19T13:10:40+00:00,overall,2007,24.5,20.6,16.3,9.3,9.9,28.4,33.7,6.0,10.0,,Eberhard Karls University of Tubingen,Germany,DE,126,,124
ntu,2026-07-19T13:10:40+00:00,overall,2007,24.5,13.2,12.7,8.5,9.8,40.5,40.7,6.9,8.4,,University of Basel,Switzerland,CH,126,,125
ntu,2026-07-19T13:10:40+00:00,overall,2007,24.5,22.6,21.9,8.0,10.4,22.3,38.4,5.2,9.6,,University of Bologna,Italy,IT,126,,126
ntu,2026-07-19T13:10:40+00:00,overall,2007,24.5,19.9,17.6,8.5,9.1,26.8,34.9,6.6,8.9,,University of Sheffield,United Kingdom of Great Britain and Northern Ireland,GB,126,,127
ntu,2026-07-19T13:10:40+00:00,overall,2007,24.4,17.2,21.1,6.7,10.4,24.3,36.1,4.8,10.3,,Ghent University,Belgium,BE,130,,128
ntu,2026-07-19T13:10:40+00:00,overall,2007,24.3,19.0,17.7,7.5,8.7,25.0,34.9,5.4,8.2,,University of Nottingham,United Kingdom of Great Britain and Northern Ireland,GB,131,,129
ntu,2026-07-19T13:10:40+00:00,overall,2007,24.2,17.5,15.5,8.4,9.9,30.2,38.4,6.6,9.1,,Aarhus University,Denmark,DK,132,,130
ntu,2026-07-19T13:10:40+00:00,overall,2007,24.2,13.6,12.6,10.9,9.2,50.5,40.7,7.4,10.7,,Yeshiva University,United States of America,US,132,,131
ntu,2026-07-19T13:10:40+00:00,overall,2007,24.1,20.9,16.5,10.1,8.6,30.3,33.7,5.0,8.9,,Humboldt University of Berlin,Germany,DE,134,,132
ntu,2026-07-19T13:10:40+00:00,overall,2007,24.1,15.9,11.2,10.2,7.9,40.5,37.2,7.0,5.7,,University of Geneva,Switzerland,CH,134,,133
ntu,2026-07-19T13:10:40+00:00,overall,2007,24.0,14.7,14.6,6.9,9.3,29.7,43.0,6.5,8.4,,Johann Wolfgang Goethe-University of Frankfurt am Main,Germany,DE,136,,134
ntu,2026-07-19T13:10:40+00:00,overall,2007,23.9,20.2,20.4,7.1,8.5,22.0,30.2,5.4,8.5,,University of New South Wales,Australia,AU,137,,135
ntu,2026-07-19T13:10:40+00:00,overall,2007,23.7,19.0,16.6,7.4,9.7,24.5,37.2,4.3,8.2,,University of Bonn,Germany,DE,138,,136
ntu,2026-07-19T13:10:40+00:00,overall,2007,23.7,19.0,16.2,8.0,8.3,26.7,34.9,4.3,7.8,,Vrije Universiteit Brussel,Belgium,BE,138,,137
ntu,2026-07-19T13:10:40+00:00,overall,2007,23.6,12.8,14.6,9.8,9.8,48.1,40.7,7.0,11.9,,Oregon Health & Science University,United States of America,US,140,,138
ntu,2026-07-19T13:10:40+00:00,overall,2007,23.5,18.8,15.9,7.8,9.0,26.2,41.9,5.1,9.1,,Friedrich Alexander University of Erlangen Nuremberg,Germany,DE,141,,139
ntu,2026-07-19T13:10:40+00:00,overall,2007,23.5,16.8,14.4,5.4,6.7,20.2,34.9,4.7,5.8,,"University of Tennessee, Knoxville",United States of America,US,141,,140
ntu,2026-07-19T13:10:40+00:00,overall,2007,23.5,15.2,10.5,6.3,5.3,26.2,31.4,2.6,6.2,,"University of Texas, Medical Branch",United States of America,US,141,,141
ntu,2026-07-19T13:10:40+00:00,overall,2007,23.4,17.8,15.5,9.0,9.2,31.9,36.1,5.9,8.9,,Albert Ludwigs University of Freiburg,Germany,DE,144,,142
ntu,2026-07-19T13:10:40+00:00,overall,2007,23.4,18.8,13.2,7.0,6.2,23.4,32.6,7.0,6.9,,"Indiana University, Bloomington",United States of America,US,144,,143
ntu,2026-07-19T13:10:40+00:00,overall,2007,23.3,18.5,15.4,8.5,9.2,29.1,34.9,6.1,8.5,,University of Hamburg,Germany,DE,146,,144
ntu,2026-07-19T13:10:40+00:00,overall,2007,23.3,19.7,16.0,7.6,7.3,24.5,30.2,5.6,9.7,,University of Leeds,United Kingdom of Great Britain and Northern Ireland,GB,146,,145
ntu,2026-07-19T13:10:40+00:00,overall,2007,23.1,17.0,13.5,8.6,7.9,32.0,37.2,6.3,7.1,,Johannes Gutenberg University of Mainz,Germany,DE,148,,146
ntu,2026-07-19T13:10:40+00:00,overall,2007,22.9,16.0,14.2,7.9,7.9,31.1,34.9,5.0,8.3,,University of Bern,Switzerland,CH,149,,147
ntu,2026-07-19T13:10:40+00:00,overall,2007,22.9,8.6,8.3,6.3,7.9,45.8,43.0,6.8,4.3,,"University of California, Santa Cruz",United States of America,US,149,,148
ntu,2026-07-19T13:10:40+00:00,overall,2007,22.9,13.5,12.6,6.9,7.8,32.3,41.9,6.5,6.0,,University of Hawaii at Manoa,United States of America,US,149,,149
ntu,2026-07-19T13:10:40+00:00,overall,2007,22.9,19.1,17.6,7.4,6.4,24.4,26.7,4.5,9.8,,"University of Nebraska, Lincoln",United States of America,US,149,,150
ntu,2026-07-19T13:10:40+00:00,overall,2007,22.9,17.3,15.6,7.1,8.0,25.9,32.6,4.9,7.5,,University of Oslo,Norway,NO,149,,151
ntu,2026-07-19T13:10:40+00:00,overall,2007,22.9,17.7,16.2,8.8,8.5,31.2,36.1,5.5,9.4,,Wayne State University,United States of America,US,149,,152
ntu,2026-07-19T13:10:40+00:00,overall,2007,22.9,17.4,16.3,7.3,7.2,26.4,32.6,4.3,7.9,,Western University,Canada,CA,149,,153
ntu,2026-07-19T13:10:40+00:00,overall,2007,22.8,29.6,23.9,8.8,8.9,18.8,29.1,3.2,8.1,,Hokkaido University,Japan,JP,156,,154
ntu,2026-07-19T13:10:40+00:00,overall,2007,22.8,21.0,17.0,7.5,7.2,22.6,33.7,5.0,7.7,,University of Georgia,United States of America,US,156,,155
ntu,2026-07-19T13:10:40+00:00,overall,2007,22.7,17.7,17.8,7.3,8.3,26.0,33.7,4.0,10.0,,University of Calgary,Canada,CA,158,,156
ntu,2026-07-19T13:10:40+00:00,overall,2007,22.6,20.1,14.8,6.5,5.5,20.5,30.2,4.5,7.3,,University of Missouri - Mizzou,United States of America,US,159,,157
ntu,2026-07-19T13:10:40+00:00,overall,2007,22.5,10.7,11.2,6.6,7.5,39.0,36.1,5.6,8.6,,Dartmouth College,United States of America,US,160,,158
ntu,2026-07-19T13:10:40+00:00,overall,2007,22.4,14.3,16.5,6.1,8.8,26.9,34.9,3.9,9.8,,"State University of New York, Buffalo",United States of America,US,162,,159
ntu,2026-07-19T13:10:40+00:00,overall,2007,22.3,16.9,19.7,5.7,8.0,21.3,34.9,8.9,9.4,,Georgia Institute of Technology,United States of America,US,163,,160
ntu,2026-07-19T13:10:40+00:00,overall,2007,22.3,17.2,14.4,8.5,8.6,31.0,33.7,4.3,8.4,,University of Wurzburg,Germany,DE,163,,161
ntu,2026-07-19T13:10:40+00:00,overall,2007,22.2,16.2,15.8,6.2,6.7,24.2,32.6,6.5,8.4,,Arizona State University,United States of America,US,165,,162
ntu,2026-07-19T13:10:40+00:00,overall,2007,22.2,11.3,6.4,6.5,3.8,36.3,29.1,2.9,5.5,,"University of Tennessee, Health Science Center",USA,US,165,,163
ntu,2026-07-19T13:10:40+00:00,overall,2007,22.1,19.2,16.8,7.2,7.5,23.5,32.6,6.7,6.8,,Iowa State University,United States of America,US,167,,164
ntu,2026-07-19T13:10:40+00:00,overall,2007,22.1,18.1,17.0,6.7,7.8,23.3,33.7,4.9,8.1,,University of Southampton,United Kingdom of Great Britain and Northern Ireland,GB,167,,165
ntu,2026-07-19T13:10:40+00:00,overall,2007,21.9,17.1,14.6,7.2,7.5,26.3,33.7,3.5,7.3,,Georg-August University of Gottingen,Germany,DE,169,,166
ntu,2026-07-19T13:10:40+00:00,overall,2007,21.9,14.9,13.1,6.9,6.4,29.1,32.6,3.4,7.2,,Laval University,Canada,CA,169,,167
ntu,2026-07-19T13:10:40+00:00,overall,2007,21.9,20.5,16.9,7.3,6.3,22.3,27.9,5.9,6.2,,North Carolina State University,United States of America,US,169,,168
ntu,2026-07-19T13:10:40+00:00,overall,2007,21.9,13.1,13.3,6.1,6.8,29.5,36.1,5.6,8.5,,University of New Mexico,United States of America,US,169,,169
ntu,2026-07-19T13:10:40+00:00,overall,2007,21.8,13.3,13.1,6.0,6.5,28.2,31.4,3.4,7.8,,University of Newcastle upon Tyne,United Kingdom of Great Britain and Northern Ireland,GB,173,,170
ntu,2026-07-19T13:10:40+00:00,overall,2007,21.7,17.8,16.7,7.7,8.0,27.1,32.6,3.6,7.6,,Free University of Berlin,Germany,DE,174,,171
ntu,2026-07-19T13:10:40+00:00,overall,2007,21.6,13.1,11.8,6.3,6.3,30.4,34.9,9.0,5.5,,Carnegie Mellon University,United States of America,US,176,,172
ntu,2026-07-19T13:10:40+00:00,overall,2007,21.6,17.9,18.6,6.6,7.7,23.1,31.4,3.6,7.9,,Monash University,Australia,AU,176,,173
ntu,2026-07-19T13:10:40+00:00,overall,2007,21.5,17.5,13.7,7.0,7.5,25.1,30.2,4.5,6.8,,University of Liverpool,United Kingdom of Great Britain and Northern Ireland,GB,178,,174
ntu,2026-07-19T13:10:40+00:00,overall,2007,21.5,13.9,11.0,8.1,7.1,36.5,34.9,5.4,4.6,,University of Strasbourg,France,FR,178,,175
ntu,2026-07-19T13:10:40+00:00,overall,2007,21.4,13.1,11.8,6.8,7.6,32.6,36.1,3.7,7.3,,Heinrich Heine University of Dusseldorf,Germany,DE,180,,176
ntu,2026-07-19T13:10:40+00:00,overall,2007,21.4,14.9,13.9,6.5,8.0,27.5,38.4,4.9,6.7,,University of Turin,Italy,IT,180,,177
ntu,2026-07-19T13:10:40+00:00,overall,2007,21.3,18.6,16.9,5.4,7.8,18.3,34.9,4.1,8.3,,University of Hong Kong,Hong Kong,HK,182,,178
ntu,2026-07-19T13:10:40+00:00,overall,2007,21.2,14.6,15.7,6.0,7.3,25.9,31.4,4.1,7.7,,Cardiff University,United Kingdom of Great Britain and Northern Ireland,GB,183,,179
ntu,2026-07-19T13:10:40+00:00,overall,2007,21.2,12.3,10.5,5.7,6.8,29.2,36.1,5.7,5.6,,Stockholm University,Sweden,SE,183,,180
ntu,2026-07-19T13:10:40+00:00,overall,2007,21.1,26.3,25.5,6.2,8.8,14.9,27.9,3.7,10.8,,National Taiwan University,"Taiwan, Republic of China",TW,185,,181
ntu,2026-07-19T13:10:40+00:00,overall,2007,21.0,14.6,13.2,6.2,6.1,26.7,30.2,5.2,5.2,,Colorado State University,United States of America,US,186,,182
ntu,2026-07-19T13:10:40+00:00,overall,2007,21.0,8.8,7.5,6.2,5.2,44.2,34.9,4.8,4.0,,University of Lausanne,Switzerland,CH,186,,183
ntu,2026-07-19T13:10:40+00:00,overall,2007,21.0,11.5,10.4,5.6,6.3,30.6,36.1,3.6,5.9,,University of Leicester,United Kingdom of Great Britain and Northern Ireland,GB,186,,184
ntu,2026-07-19T13:10:40+00:00,overall,2007,21.0,17.6,15.1,7.5,7.8,27.0,29.1,4.0,8.8,,University of Munster,Germany,DE,186,,185
ntu,2026-07-19T13:10:40+00:00,overall,2007,20.9,11.2,12.4,6.8,7.3,38.5,37.2,5.6,11.9,,Wake Forest University,United States of America,US,190,,186
ntu,2026-07-19T13:10:40+00:00,overall,2007,20.8,11.4,11.0,4.9,6.6,27.1,33.7,5.6,5.6,,"University of California, Riverside",United States of America,US,191,,187
ntu,2026-07-19T13:10:40+00:00,overall,2007,20.8,14.3,13.2,6.4,6.1,28.5,32.6,4.3,6.5,,"University of Kansas, Lawrence",United States of America,US,191,,188
ntu,2026-07-19T13:10:40+00:00,overall,2007,20.7,7.9,7.7,4.7,5.1,37.6,36.1,8.3,4.9,,Rice University,United States of America,US,193,,189
ntu,2026-07-19T13:10:40+00:00,overall,2007,20.7,17.3,12.4,7.9,6.2,28.8,29.1,3.0,4.7,,University of Gothenburg,Sweden,SE,193,,190
ntu,2026-07-19T13:10:40+00:00,overall,2007,20.6,16.5,12.9,5.0,4.8,18.9,26.7,3.1,4.6,,"Louisiana State University, Baton Rouge",United States of America,US,195,,191
ntu,2026-07-19T13:10:40+00:00,overall,2007,20.5,12.8,12.7,5.5,5.6,27.3,31.4,3.7,6.8,,"University of Oklahoma, Norman",United States of America,US,196,,192
ntu,2026-07-19T13:10:40+00:00,overall,2007,20.4,16.7,13.8,6.4,6.8,24.3,32.6,4.5,6.8,,University of Florence,Italy,IT,197,,193
ntu,2026-07-19T13:10:40+00:00,overall,2007,20.4,16.6,14.9,5.4,6.9,20.6,36.1,3.4,5.0,,University of Pisa,Italy,IT,197,,194
ntu,2026-07-19T13:10:40+00:00,overall,2007,20.4,13.0,10.7,5.3,4.4,25.8,29.1,4.5,5.0,,Washington State University,United States of America,US,197,,195
ntu,2026-07-19T13:10:40+00:00,overall,2007,20.2,12.0,13.0,5.9,5.5,30.8,32.6,4.4,6.2,,University of South Florida,United States of America,US,200,,196
ntu,2026-07-19T13:10:40+00:00,overall,2007,20.1,12.5,6.8,5.0,3.8,25.1,26.7,2.1,6.3,,"Louisiana State University, Health Sciences Center",USA,US,201,,197
ntu,2026-07-19T13:10:40+00:00,overall,2007,20.0,7.7,12.3,6.6,7.4,53.8,36.1,4.4,12.6,,Icahn School of Medicine at Mount Sinai,United States of America,US,202,,198
ntu,2026-07-19T13:10:40+00:00,overall,2007,20.0,26.4,18.8,8.1,8.7,19.3,32.6,6.4,6.1,,Tokyo Institute of Technology,Japan,JP,202,,199
ntu,2026-07-19T13:10:40+00:00,overall,2007,20.0,16.0,18.9,5.4,8.6,21.3,31.4,4.8,7.9,,University of Naples Federico II,Italy,IT,202,,200
ntu,2026-07-19T13:10:40+00:00,overall,2007,19.9,10.3,9.8,5.0,7.0,30.5,40.7,5.6,4.4,,Durham University,United Kingdom of Great Britain and Northern Ireland,GB,205,,201
ntu,2026-07-19T13:10:40+00:00,overall,2007,19.9,22.3,16.1,10.4,8.6,29.4,38.4,0.7,12.5,,Indiana University - Purdue University Indianapolis,United States of America,US,205,,202
ntu,2026-07-19T13:10:40+00:00,overall,2007,19.8,12.2,11.1,7.4,5.7,38.5,30.2,5.2,6.9,,Georgetown University,United States of America,US,207,,203
ntu,2026-07-19T13:10:40+00:00,overall,2007,19.8,10.0,8.0,5.3,4.8,33.7,31.4,3.6,6.2,,Tulane University,United States of America,US,207,,204
ntu,2026-07-19T13:10:40+00:00,overall,2007,19.8,11.2,9.3,5.5,5.7,31.3,33.7,3.5,4.9,,Umea University,Sweden,SE,207,,205
ntu,2026-07-19T13:10:40+00:00,overall,2007,19.7,23.0,20.3,5.3,6.4,14.6,25.6,2.0,6.0,,National Autonomous University of Mexico,Mexico,MX,210,,206
ntu,2026-07-19T13:10:40+00:00,overall,2007,19.7,13.2,13.4,5.7,5.7,27.2,31.4,3.5,6.8,,University of Ottawa,Canada,CA,210,,207
ntu,2026-07-19T13:10:40+00:00,overall,2007,19.7,15.3,14.4,5.3,6.0,22.0,27.9,3.5,6.4,,University of Western Australia,Australia,AU,210,,208
ntu,2026-07-19T13:10:40+00:00,overall,2007,19.7,17.3,12.3,7.6,5.9,27.8,26.7,6.4,7.1,,Wageningen University,Netherlands,NL,210,,209
ntu,2026-07-19T13:10:40+00:00,overall,2007,19.6,12.5,10.8,5.0,5.6,25.0,27.9,3.4,5.5,,Queen's University,Canada,CA,214,,210
ntu,2026-07-19T13:10:40+00:00,overall,2007,19.6,11.6,9.5,8.5,5.1,46.1,31.4,4.2,7.6,,Thomas Jefferson University,United States of America,US,214,,211
ntu,2026-07-19T13:10:40+00:00,overall,2007,19.6,11.8,12.1,6.5,6.1,34.8,33.7,4.5,7.0,,Virginia Commonwealth University,United States of America,US,214,,212
ntu,2026-07-19T13:10:40+00:00,overall,2007,19.5,11.2,12.9,5.6,6.8,31.5,30.2,5.9,6.0,,Ecole Normale Superieure,France,FR,217,,213
ntu,2026-07-19T13:10:40+00:00,overall,2007,19.4,8.8,6.8,6.1,5.5,43.8,37.2,3.8,4.0,,University of Dundee,United Kingdom of Great Britain and Northern Ireland,GB,218,,214
ntu,2026-07-19T13:10:40+00:00,overall,2007,19.4,9.4,9.7,4.3,5.9,28.9,33.7,5.0,4.7,,University of Notre Dame,United States of America,US,218,,215
ntu,2026-07-19T13:10:40+00:00,overall,2007,19.3,18.9,15.0,6.4,6.7,21.2,30.2,4.5,5.2,,University of Tsukuba,Japan,JP,220,,216
ntu,2026-07-19T13:10:40+00:00,overall,2007,19.1,15.0,14.0,6.2,7.4,26.2,32.6,3.4,7.7,,University of Cologne,Germany,DE,221,,217
ntu,2026-07-19T13:10:40+00:00,overall,2007,19.0,11.5,11.8,4.0,4.7,22.1,30.2,2.6,5.0,,University of Auckland,New Zealand,NZ,222,,218
ntu,2026-07-19T13:10:40+00:00,overall,2007,18.9,16.9,13.8,5.1,5.3,19.1,24.4,2.2,4.9,,Complutense University of Madrid,Spain,ES,223,,219
ntu,2026-07-19T13:10:40+00:00,overall,2007,18.9,15.1,12.7,5.2,6.6,21.7,34.9,3.3,4.4,,Ruhr-University Bochum,Germany,DE,223,,220
ntu,2026-07-19T13:10:40+00:00,overall,2007,18.9,18.0,14.6,5.8,5.5,20.3,27.9,4.2,6.2,,Technion - Israel Institute of Technology,Israel,IL,223,,221
ntu,2026-07-19T13:10:40+00:00,overall,2007,18.8,13.5,9.6,5.6,4.8,26.3,27.9,3.4,5.0,,University of Kiel,Germany,DE,226,,222
ntu,2026-07-19T13:10:40+00:00,overall,2007,18.8,15.7,14.5,4.6,4.7,18.4,26.7,3.7,4.8,,Virginia Polytechnic Institute and State University,United States of America,US,226,,223
ntu,2026-07-19T13:10:40+00:00,overall,2007,18.7,13.3,11.4,5.9,6.0,27.8,30.2,3.9,4.1,,Autonomous University of Madrid,Spain,ES,228,,224
ntu,2026-07-19T13:10:40+00:00,overall,2007,18.7,4.4,4.5,1.5,2.1,21.5,24.4,1.6,2.1,,"University of Texas, Dallas",United States of America,US,228,,225
ntu,2026-07-19T13:10:40+00:00,overall,2007,18.6,16.2,15.4,4.5,5.3,17.4,26.7,3.2,6.9,,Chinese University of Hong Kong,Hong Kong,HK,230,,226
ntu,2026-07-19T13:10:40+00:00,overall,2007,18.6,6.9,5.7,4.1,3.5,37.3,29.1,3.1,3.6,,University of Oregon,United States of America,US,230,,227
ntu,2026-07-19T13:10:40+00:00,overall,2007,18.5,16.2,15.2,5.3,6.8,20.4,32.6,4.0,6.9,,RWTH Aachen University,Germany,DE,232,,228
ntu,2026-07-19T13:10:40+00:00,overall,2007,18.5,13.0,14.3,5.2,5.3,25.3,27.9,3.5,8.5,,"University of Arkansas, Fayetteville",United States of America,US,232,,229
ntu,2026-07-19T13:10:40+00:00,overall,2007,18.5,8.4,6.5,4.2,4.4,31.3,30.2,3.3,3.0,,University of Sussex,United Kingdom of Great Britain and Northern Ireland,GB,232,,230
ntu,2026-07-19T13:10:40+00:00,overall,2007,18.4,9.1,9.5,5.7,5.4,39.4,32.6,3.5,10.0,,Medical College of Wisconsin,USA,US,236,,231
ntu,2026-07-19T13:10:40+00:00,overall,2007,18.4,12.6,9.4,5.8,5.5,28.9,30.2,3.0,4.1,,University of Marburg,Germany,DE,236,,232
ntu,2026-07-19T13:10:40+00:00,overall,2007,18.4,13.2,12.3,4.7,6.3,22.5,31.4,3.4,4.4,,University of Valencia,Spain,ES,236,,233
ntu,2026-07-19T13:10:40+00:00,overall,2007,18.3,12.2,9.1,5.4,4.5,28.2,22.1,2.4,4.3,,University of Turku,Finland,FI,239,,234
ntu,2026-07-19T13:10:40+00:00,overall,2007,18.1,13.1,10.9,5.7,5.7,27.4,29.1,3.4,6.3,,University of Ulm,Germany,DE,240,,235
ntu,2026-07-19T13:10:40+00:00,overall,2007,18.0,13.5,12.6,4.6,5.3,21.6,27.9,2.6,4.4,,Claude Bernard University Lyon 1,France,FR,241,,236
ntu,2026-07-19T13:10:40+00:00,overall,2007,18.0,34.2,20.7,5.1,5.9,9.5,29.1,2.4,2.6,,Lomonosov Moscow State University,Russian Federation,RU,241,,237
ntu,2026-07-19T13:10:40+00:00,overall,2007,18.0,19.6,22.1,3.5,8.8,11.3,31.4,4.0,6.8,,Peking University,China,CN,241,,238
ntu,2026-07-19T13:10:40+00:00,overall,2007,18.0,10.8,10.4,4.4,4.5,25.6,27.9,4.4,4.7,,University of South Carolina,United States of America,US,241,,239
ntu,2026-07-19T13:10:40+00:00,overall,2007,17.9,9.6,10.4,4.5,5.1,29.4,34.9,4.0,5.7,,George Washington University,United States of America,US,245,,240
ntu,2026-07-19T13:10:40+00:00,overall,2007,17.9,13.1,14.1,4.4,8.8,21.3,36.1,5.8,7.5,,Swiss Federal Institute of Technology - Lausanne,Switzerland,CH,245,,241
ntu,2026-07-19T13:10:40+00:00,overall,2007,17.7,11.8,11.8,4.8,5.4,25.8,29.1,5.0,4.4,,Florida State University,United States of America,US,247,,242
ntu,2026-07-19T13:10:40+00:00,overall,2007,17.7,9.3,10.0,5.0,5.7,34.1,34.9,3.0,8.5,,Medical University of South Carolina,United States of America,US,247,,243
ntu,2026-07-19T13:10:40+00:00,overall,2007,17.7,13.4,11.9,5.4,4.6,25.4,25.6,5.3,5.3,,Oregon State University,United States of America,US,247,,244
ntu,2026-07-19T13:10:40+00:00,overall,2007,17.5,6.6,6.8,3.1,3.8,29.4,30.2,2.7,2.7,,"Trinity College, Dublin",Ireland,IE,250,,245
ntu,2026-07-19T13:10:40+00:00,overall,2007,17.5,24.7,31.4,3.0,8.6,7.8,32.6,3.3,8.5,,Tsinghua University,China,CN,250,,246
ntu,2026-07-19T13:10:40+00:00,overall,2007,17.5,12.7,10.5,4.7,5.7,23.4,30.2,2.8,4.6,,University of Genoa,Italy,IT,250,,247
ntu,2026-07-19T13:10:40+00:00,overall,2007,17.3,12.2,13.0,3.8,6.0,19.9,30.2,3.0,5.0,,Autonomous University of Barcelona,Spain,ES,253,,248
ntu,2026-07-19T13:10:40+00:00,overall,2007,17.3,12.3,13.0,4.0,4.2,20.6,27.9,3.2,5.5,,"City University of New York, City Coll",United States of America,US,253,,249
ntu,2026-07-19T13:10:40+00:00,overall,2007,17.2,10.1,11.0,3.9,5.1,24.1,27.9,2.8,4.6,,University of Bergen,Norway,NO,255,,250
ntu,2026-07-19T13:10:40+00:00,overall,2007,17.2,11.4,10.6,4.3,4.9,23.9,30.2,2.5,4.4,,University of Rome Tor Vergata,Italy,IT,255,,251
ntu,2026-07-19T13:10:40+00:00,overall,2007,17.1,10.8,10.1,4.3,4.6,25.2,26.7,2.9,5.2,,University of Aberdeen,United Kingdom of Great Britain and Northern Ireland,GB,257,,252
ntu,2026-07-19T13:10:40+00:00,overall,2007,17.1,11.8,10.4,4.9,4.1,26.3,23.3,3.0,5.0,,University of Delaware,United States of America,US,257,,253
ntu,2026-07-19T13:10:40+00:00,overall,2007,17.1,11.6,10.3,4.5,4.1,24.6,24.4,2.8,4.6,,University of Manitoba,Canada,CA,257,,254
ntu,2026-07-19T13:10:40+00:00,overall,2007,17.1,10.0,10.2,4.2,5.4,26.7,30.2,2.7,5.7,,University of Regensburg,Germany,DE,257,,255
ntu,2026-07-19T13:10:40+00:00,overall,2007,17.0,9.1,8.5,5.2,4.0,35.7,29.1,3.9,4.3,,Drexel University,United States of America,US,261,,256
ntu,2026-07-19T13:10:40+00:00,overall,2007,17.0,13.3,13.4,4.0,5.9,19.0,32.6,2.4,6.1,,University of Leipzig,Germany,DE,261,,257
ntu,2026-07-19T13:10:40+00:00,overall,2007,16.9,4.0,3.5,3.0,2.8,47.5,31.4,2.6,2.3,,Brandeis University,United States of America,US,263,,258
ntu,2026-07-19T13:10:40+00:00,overall,2007,16.9,11.7,11.1,4.9,4.8,26.5,27.9,3.2,6.0,,Dalhousie University,Canada,CA,263,,259
ntu,2026-07-19T13:10:40+00:00,overall,2007,16.9,9.7,10.1,4.7,5.4,30.2,33.7,2.7,6.8,,Hannover Medical School,Germany,DE,263,,260
ntu,2026-07-19T13:10:40+00:00,overall,2007,16.9,17.5,13.0,5.1,5.4,18.2,26.7,2.5,4.0,,Hiroshima University,Japan,JP,263,,261
ntu,2026-07-19T13:10:40+00:00,overall,2007,16.9,11.9,13.4,5.4,6.4,28.7,29.1,3.5,9.6,,Maastricht University,Netherlands,NL,263,,262
ntu,2026-07-19T13:10:40+00:00,overall,2007,16.9,8.4,7.6,2.8,4.0,21.1,27.9,3.2,2.3,,University of Victoria,Canada,CA,263,,263
ntu,2026-07-19T13:10:40+00:00,overall,2007,16.8,4.2,3.9,1.3,1.9,18.8,19.8,1.3,1.8,,"University of Maryland, Baltimore County",United States of America,US,269,,264
ntu,2026-07-19T13:10:40+00:00,overall,2007,16.7,5.0,9.5,2.6,5.4,33.7,29.1,2.1,5.2,,"University of London, Queen Mary College",United Kingdom of Great Britain and Northern Ireland,GB,270,,265
ntu,2026-07-19T13:10:40+00:00,overall,2007,16.7,9.3,9.8,4.0,4.6,27.6,26.7,4.2,4.5,,University of York,United Kingdom of Great Britain and Northern Ireland,GB,270,,266
ntu,2026-07-19T13:10:40+00:00,overall,2007,16.7,15.0,17.6,3.2,6.8,13.6,32.6,2.9,6.5,,Yonsei University,"Korea, Republic of",KR,270,,267
ntu,2026-07-19T13:10:40+00:00,overall,2007,16.6,13.1,11.1,4.1,4.2,19.9,31.4,4.9,4.7,,Delft University of Technology,Netherlands,NL,273,,268
ntu,2026-07-19T13:10:40+00:00,overall,2007,16.6,9.8,10.4,3.1,4.1,20.0,26.7,2.6,3.8,,University of Warwick,United Kingdom of Great Britain and Northern Ireland,GB,273,,269
ntu,2026-07-19T13:10:40+00:00,overall,2007,16.6,13.9,13.2,4.0,3.5,18.1,20.9,2.8,5.0,,University of Waterloo,Canada,CA,273,,270
ntu,2026-07-19T13:10:40+00:00,overall,2007,16.5,10.7,8.7,3.9,4.1,22.8,26.7,2.4,4.7,,Queen's University Belfast,United Kingdom of Great Britain and Northern Ireland,GB,276,,271
ntu,2026-07-19T13:10:40+00:00,overall,2007,16.5,9.6,6.3,4.8,4.0,31.8,27.9,3.2,3.6,,University of Innsbruck,Austria,AT,276,,272
ntu,2026-07-19T13:10:40+00:00,overall,2007,16.5,2.7,2.9,0.9,0.9,20.8,17.4,0.7,1.1,,"University of Texas, San Antonio",United States of America,US,276,,273
ntu,2026-07-19T13:10:40+00:00,overall,2007,16.5,6.2,4.1,1.5,1.3,15.2,17.4,1.0,1.2,,"University of Wisconsin, Milwaukee",United States of America,US,276,,274
ntu,2026-07-19T13:10:40+00:00,overall,2007,16.4,7.3,6.5,4.1,3.5,35.5,29.1,2.9,4.8,,Saint Louis University,United States of America,US,282,,275
ntu,2026-07-19T13:10:40+00:00,overall,2007,16.4,12.7,11.2,4.3,4.4,21.5,24.4,2.1,4.6,,University of Adelaide,Australia,AU,282,,276
ntu,2026-07-19T13:10:40+00:00,overall,2007,16.4,10.0,8.6,4.0,4.6,25.3,27.9,1.7,4.0,,University of Liege,Belgium,BE,282,,277
ntu,2026-07-19T13:10:40+00:00,overall,2007,16.4,10.7,8.8,4.5,4.3,26.2,27.9,3.0,5.0,,University of Pavia,Italy,IT,282,,278
ntu,2026-07-19T13:10:40+00:00,overall,2007,16.3,10.0,9.6,3.2,5.0,20.0,31.4,1.9,4.8,,Paul Sabatier University- Toulouse 3,France,FR,286,,279
ntu,2026-07-19T13:10:40+00:00,overall,2007,16.2,11.0,9.7,4.5,5.0,25.4,26.7,2.9,4.5,,University of Antwerp,Belgium,BE,287,,280
ntu,2026-07-19T13:10:40+00:00,overall,2007,16.1,6.8,6.5,2.8,3.3,26.4,27.9,2.2,2.7,,"State University of New York, Albany",United States of America,US,288,,281
ntu,2026-07-19T13:10:40+00:00,overall,2007,16.1,8.6,9.2,3.2,4.4,23.3,25.6,1.5,4.7,,University of Otago,New Zealand,NZ,288,,282
ntu,2026-07-19T13:10:40+00:00,overall,2007,16.1,7.8,8.1,4.5,3.8,36.1,25.6,3.1,6.0,,University of Vermont,United States of America,US,288,,283
ntu,2026-07-19T13:10:40+00:00,overall,2007,16.0,13.3,11.1,4.7,4.6,22.0,27.9,2.0,5.7,,Keio University,Japan,JP,291,,284
ntu,2026-07-19T13:10:40+00:00,overall,2007,16.0,8.7,10.0,3.6,5.0,26.2,30.2,2.4,7.5,,University of Louisville,United States of America,US,291,,285
ntu,2026-07-19T13:10:40+00:00,overall,2007,16.0,7.7,6.9,3.3,4.0,27.0,25.6,2.7,3.1,,University of St Andrews,United Kingdom of Great Britain and Northern Ireland,GB,291,,286
ntu,2026-07-19T13:10:40+00:00,overall,2007,15.9,13.0,11.8,3.2,3.4,15.2,23.3,1.6,5.0,,Ben-Gurion University of the Negev,Israel,IL,295,,287
ntu,2026-07-19T13:10:40+00:00,overall,2007,15.8,14.0,11.2,3.9,4.8,17.5,27.9,1.7,3.9,,Okayama University,Japan,JP,296,,288
ntu,2026-07-19T13:10:40+00:00,overall,2007,15.8,7.4,7.9,2.9,3.6,24.5,27.9,2.1,3.7,,University of Mississippi,United States of America,US,296,,289
ntu,2026-07-19T13:10:40+00:00,overall,2007,15.7,6.3,7.4,3.7,5.4,37.1,32.6,3.0,6.6,,"University of London, London School of Hygiene and Tropical Medicine",United Kingdom of Great Britain and Northern Ireland,GB,298,,290
ntu,2026-07-19T13:10:40+00:00,overall,2007,15.6,13.0,10.3,4.6,4.7,22.5,24.4,2.5,4.3,,Chiba University,Japan,JP,299,,291
ntu,2026-07-19T13:10:40+00:00,overall,2007,15.6,11.4,10.0,4.1,4.4,22.7,27.9,2.1,4.4,,Justus-Liebig University Giessen,Germany,DE,299,,292
ntu,2026-07-19T13:10:40+00:00,overall,2007,15.5,10.3,6.5,4.0,2.3,24.5,19.8,2.1,2.6,,Swansea University,United Kingdom of Great Britain and Northern Ireland,GB,301,,293
ntu,2026-07-19T13:10:40+00:00,overall,2007,15.5,12.5,16.2,3.1,5.3,15.6,26.7,1.9,6.2,,University of Athens,Greece,GR,301,,294
ntu,2026-07-19T13:10:40+00:00,overall,2007,15.4,9.5,8.0,3.9,4.0,25.9,24.4,4.1,4.3,,Technical University of Denmark,Denmark,DK,304,,295
ntu,2026-07-19T13:10:40+00:00,overall,2007,15.4,10.8,7.0,4.0,3.5,23.5,26.7,2.4,3.8,,University of Duisburg-Essen,Germany,DE,304,,296
ntu,2026-07-19T13:10:40+00:00,overall,2007,15.4,17.5,27.3,2.0,6.8,7.3,24.4,1.6,6.6,,Zhejiang University,China,CN,304,,297
ntu,2026-07-19T13:10:40+00:00,overall,2007,15.2,4.8,7.5,3.0,4.3,39.3,27.9,1.8,4.1,,University of Southern Denmark,Denmark,DK,307,,298
ntu,2026-07-19T13:10:40+00:00,overall,2007,15.1,9.1,9.3,3.2,4.9,22.5,32.6,2.1,3.4,,University of Bari,Italy,IT,308,,299
ntu,2026-07-19T13:10:40+00:00,overall,2007,15.1,8.4,7.4,3.4,4.2,25.5,30.2,2.3,2.9,,University of Perugia,Italy,IT,308,,300
ntu,2026-07-19T13:10:40+00:00,overall,2007,15.1,9.7,7.1,3.4,3.1,21.7,23.3,2.5,2.5,,University of Reading,United Kingdom of Great Britain and Northern Ireland,GB,308,,301
ntu,2026-07-19T13:10:40+00:00,overall,2007,15.0,11.5,7.0,3.7,4.4,20.5,30.2,4.3,2.1,,Ecole Polytechnique,France,FR,311,,302
ntu,2026-07-19T13:10:40+00:00,overall,2007,15.0,7.2,6.6,2.7,2.8,24.0,25.6,2.5,2.9,,University of Bath,United Kingdom of Great Britain and Northern Ireland,GB,311,,303
ntu,2026-07-19T13:10:40+00:00,overall,2007,14.9,11.6,9.7,4.0,3.9,21.6,25.6,2.0,3.6,,Kobe University,Japan,JP,313,,304
ntu,2026-07-19T13:10:40+00:00,overall,2007,14.8,13.3,14.5,3.0,5.5,14.3,27.9,2.0,3.7,,Charles University in Prague,Czechia,CZ,314,,305
ntu,2026-07-19T13:10:40+00:00,overall,2007,14.8,11.0,8.4,4.2,4.1,24.1,26.7,3.5,2.5,,Karlsruhe Institute of Technology,Germany,DE,314,,306
ntu,2026-07-19T13:10:40+00:00,overall,2007,14.8,11.7,10.0,3.9,3.7,20.8,23.3,2.0,4.3,,University of Guelph,Canada,CA,314,,307
ntu,2026-07-19T13:10:40+00:00,overall,2007,14.7,8.6,8.3,3.7,3.1,27.1,24.4,2.3,4.2,,Temple University,United States of America,US,317,,308
ntu,2026-07-19T13:10:40+00:00,overall,2007,14.4,14.2,15.5,2.6,6.3,11.6,31.4,3.2,4.8,,University of Science and Technology of China,China,CN,318,,309
ntu,2026-07-19T13:10:40+00:00,overall,2007,14.3,11.4,10.3,3.9,4.4,21.4,22.1,1.7,4.7,,Friedrich Schiller University of Jena,Germany,DE,319,,310
ntu,2026-07-19T13:10:40+00:00,overall,2007,14.3,11.1,11.0,3.1,3.7,17.5,22.1,2.0,4.7,,Royal Institute of Technology,Sweden,SE,319,,311
ntu,2026-07-19T13:10:40+00:00,overall,2007,14.3,7.8,7.9,2.3,3.1,18.4,24.4,1.9,2.8,,Simon Fraser University,Canada,CA,319,,312
ntu,2026-07-19T13:10:40+00:00,overall,2007,14.3,6.0,5.7,2.8,2.9,29.6,24.4,3.3,2.9,,University of East Anglia,United Kingdom of Great Britain and Northern Ireland,GB,319,,313
ntu,2026-07-19T13:10:40+00:00,overall,2007,14.3,7.5,6.1,3.0,3.9,25.5,30.2,2.6,2.5,,University of Ferrara,Italy,IT,319,,314
ntu,2026-07-19T13:10:40+00:00,overall,2007,14.3,9.4,6.9,3.9,3.1,25.9,22.1,1.5,2.9,,University of Oulu,Finland,FI,319,,315
ntu,2026-07-19T13:10:40+00:00,overall,2007,14.2,7.3,6.0,3.7,2.8,31.8,25.6,2.1,5.0,,Loyola University Chicago,United States of America,US,325,,316
ntu,2026-07-19T13:10:40+00:00,overall,2007,14.1,10.5,8.2,4.0,3.4,24.0,22.1,2.4,3.1,,Linkoping University,Sweden,SE,326,,317
ntu,2026-07-19T13:10:40+00:00,overall,2007,14.1,9.1,9.8,2.9,3.5,19.9,22.1,1.7,4.2,,Norwegian University of Science and Technology,Norway,NO,326,,318
ntu,2026-07-19T13:10:40+00:00,overall,2007,14.1,10.5,9.2,3.0,3.4,18.0,22.1,3.2,4.2,,The Hong Kong University of Science and Technology,Hong Kong,HK,326,,319
ntu,2026-07-19T13:10:40+00:00,overall,2007,14.1,7.9,6.3,3.0,4.4,24.2,31.4,2.6,2.4,,University of Trieste,Italy,IT,326,,320
ntu,2026-07-19T13:10:40+00:00,overall,2007,14.1,6.6,6.1,2.2,2.8,21.2,26.7,1.5,2.0,,York University,Canada,CA,326,,321
ntu,2026-07-19T13:10:40+00:00,overall,2007,14.0,13.3,12.1,2.7,3.3,12.7,23.3,0.9,3.3,,Federal University of Rio de Janeiro,Brazil,BR,331,,322
ntu,2026-07-19T13:10:40+00:00,overall,2007,14.0,14.7,18.6,2.9,4.2,12.5,19.8,1.6,4.7,,State University of Campinas,Brazil,BR,331,,323
ntu,2026-07-19T13:10:40+00:00,overall,2007,13.9,16.6,13.5,3.4,4.5,12.8,26.7,2.2,5.1,,Korea Advanced Institute of Science and Technology,"Korea, Republic of",KR,333,,324
ntu,2026-07-19T13:10:40+00:00,overall,2007,13.9,8.2,12.4,2.6,5.6,19.5,30.2,2.1,5.3,,Technische Universitat Dresden,Germany,DE,333,,325
ntu,2026-07-19T13:10:40+00:00,overall,2007,13.8,12.9,16.8,2.4,5.0,11.6,25.6,1.8,4.6,,Fudan University,China,CN,335,,326
ntu,2026-07-19T13:10:40+00:00,overall,2007,13.8,10.0,7.7,3.1,2.7,19.2,19.8,2.1,3.6,,Kansas State University,United States of America,US,335,,327
ntu,2026-07-19T13:10:40+00:00,overall,2007,13.8,13.1,11.4,3.4,3.8,16.4,19.8,1.6,3.3,,University of Buenos Aires,Argentina,AR,335,,328
ntu,2026-07-19T13:10:40+00:00,overall,2007,13.8,9.4,8.0,3.1,3.1,20.9,20.9,2.1,3.8,,University of Houston,United States of America,US,335,,329
ntu,2026-07-19T13:10:40+00:00,overall,2007,13.8,9.1,5.4,3.0,2.4,20.5,25.6,2.8,3.0,,"University of Nevada, Reno",United States of America,US,335,,330
ntu,2026-07-19T13:10:40+00:00,overall,2007,13.7,8.6,6.3,3.7,2.7,27.0,22.1,1.2,2.7,,Kumamoto University,Japan,JP,340,,331
ntu,2026-07-19T13:10:40+00:00,overall,2007,13.7,8.1,8.1,2.7,4.1,21.1,25.6,1.6,4.1,,Saarland University,Germany,DE,340,,332
ntu,2026-07-19T13:10:40+00:00,overall,2007,13.7,8.6,8.7,2.6,2.5,19.0,18.6,1.3,3.2,,Universite du Quebec a Montreal,Canada,CA,340,,333
ntu,2026-07-19T13:10:40+00:00,overall,2007,13.6,11.6,12.8,2.3,3.2,12.3,22.1,0.9,3.3,,Aristotle University of Thessaloniki,Greece,GR,343,,334
ntu,2026-07-19T13:10:40+00:00,overall,2007,13.5,6.1,5.1,2.3,2.1,23.7,20.9,2.2,1.7,,Syracuse University,United States of America,US,345,,335
ntu,2026-07-19T13:10:40+00:00,overall,2007,13.5,6.8,6.7,2.3,2.9,21.3,24.4,1.7,3.2,,University of Exeter,United Kingdom of Great Britain and Northern Ireland,GB,345,,336
ntu,2026-07-19T13:10:40+00:00,overall,2007,13.5,7.7,6.6,2.8,3.2,22.9,23.3,1.4,2.8,,University of Parma,Italy,IT,345,,337
ntu,2026-07-19T13:10:40+00:00,overall,2007,13.4,6.2,5.1,2.2,2.5,22.1,25.6,2.3,1.7,,Bielefeld University,Germany,DE,348,,338
ntu,2026-07-19T13:10:40+00:00,overall,2007,13.4,10.8,14.9,2.1,4.7,12.3,25.6,2.4,3.9,,Korea University,"Korea, Republic of",KR,348,,339
ntu,2026-07-19T13:10:40+00:00,overall,2007,13.4,9.3,6.3,3.1,2.6,20.9,20.9,2.5,2.2,,Technical University of Berlin,Germany,DE,348,,340
ntu,2026-07-19T13:10:40+00:00,overall,2007,13.4,8.1,8.2,2.4,2.4,18.7,22.1,1.5,2.6,,Texas Tech University,United States of America,US,348,,341
ntu,2026-07-19T13:10:40+00:00,overall,2007,13.4,4.9,4.7,2.7,2.5,34.4,24.4,1.3,2.6,,Uniformed Services University of the Health Sciences,United States of America,US,348,,342
ntu,2026-07-19T13:10:40+00:00,overall,2007,13.4,7.3,6.1,2.1,2.7,18.2,24.4,1.1,2.4,,University of Rennes 1,France,FR,348,,343
ntu,2026-07-19T13:10:40+00:00,overall,2007,13.4,10.8,9.5,3.1,3.0,18.1,19.8,1.3,3.5,,University of Saskatchewan,Canada,CA,348,,344
ntu,2026-07-19T13:10:40+00:00,overall,2007,13.3,5.4,5.9,2.8,3.0,33.1,26.7,1.4,5.2,,Augusta University,United States of America,US,356,,345
ntu,2026-07-19T13:10:40+00:00,overall,2007,13.1,9.6,8.0,2.9,3.5,18.9,23.3,1.7,3.1,,Martin Luther University of Halle-Wittenberg,Germany,DE,357,,346
ntu,2026-07-19T13:10:40+00:00,overall,2007,13.1,7.0,8.0,2.0,3.7,18.3,25.6,1.5,3.3,,University College Dublin,Ireland,IE,357,,347
ntu,2026-07-19T13:10:40+00:00,overall,2007,13.1,10.5,7.5,3.4,3.1,20.4,24.4,2.5,2.5,,University of Stuttgart,Germany,DE,357,,348
ntu,2026-07-19T13:10:40+00:00,overall,2007,13.0,14.5,14.7,2.7,4.0,11.9,22.1,1.5,5.0,,National Cheng Kung University,"Taiwan, Republic of China",TW,360,,349
ntu,2026-07-19T13:10:40+00:00,overall,2007,13.0,6.9,4.6,2.9,2.3,26.2,20.9,2.1,2.5,,University of Bayreuth,Germany,DE,360,,350
ntu,2026-07-19T13:10:40+00:00,overall,2007,13.0,6.2,6.4,2.2,2.4,22.4,22.1,2.4,2.7,,University of Lancaster,United Kingdom of Great Britain and Northern Ireland,GB,360,,351
ntu,2026-07-19T13:10:40+00:00,overall,2007,12.9,9.6,7.7,3.5,3.0,23.0,23.3,1.9,2.1,,Niigata University,Japan,JP,363,,352
ntu,2026-07-19T13:10:40+00:00,overall,2007,12.9,6.8,6.4,2.5,3.0,22.9,24.4,3.4,3.1,,Rensselaer Polytechnic Institute,United States of America,US,363,,353
ntu,2026-07-19T13:10:40+00:00,overall,2007,12.9,9.4,9.0,2.3,2.9,15.1,20.9,0.9,2.0,,University of Granada,Spain,ES,363,,354
ntu,2026-07-19T13:10:40+00:00,overall,2007,12.9,9.5,7.6,3.1,3.4,20.3,24.4,2.8,1.5,,University of Warsaw,Poland,PL,363,,355
ntu,2026-07-19T13:10:40+00:00,overall,2007,12.8,8.1,6.6,3.7,3.3,28.5,23.3,1.2,3.2,,Institute of Science Tokyo,Japan,JP,367,,356
ntu,2026-07-19T13:10:40+00:00,overall,2007,12.8,3.8,6.8,1.7,4.2,28.1,31.4,1.1,5.9,,Rush University,United States of America,US,367,,357
ntu,2026-07-19T13:10:40+00:00,overall,2007,12.8,12.6,22.3,1.5,5.0,7.4,26.7,1.8,5.3,,Shanghai Jiao Tong University,China,CN,367,,358
ntu,2026-07-19T13:10:40+00:00,overall,2007,12.8,8.1,6.6,3.7,3.3,28.5,23.3,1.2,3.2,,Tokyo Medical and Dental University,Japan,JP,367,,359
ntu,2026-07-19T13:10:40+00:00,overall,2007,12.7,6.0,5.4,2.0,2.0,21.4,20.9,1.6,1.3,,Carleton University,Canada,CA,370,,360
ntu,2026-07-19T13:10:40+00:00,overall,2007,12.7,4.7,3.6,2.0,1.9,26.4,24.4,2.4,0.9,,New Mexico State University,United States of America,US,370,,361
ntu,2026-07-19T13:10:40+00:00,overall,2007,12.7,8.0,7.3,2.3,3.3,18.0,25.6,2.1,2.8,,Pohang University of Science and Technology,"Korea, Republic of",KR,370,,362
ntu,2026-07-19T13:10:40+00:00,overall,2007,12.6,8.4,9.1,2.6,3.8,19.4,24.4,2.6,4.4,,Eindhoven University of Technology,Netherlands,NL,373,,363
ntu,2026-07-19T13:10:40+00:00,overall,2007,12.6,7.9,5.0,2.4,2.2,18.9,22.1,2.3,2.0,,"Northeastern University, USA",United States of America,US,373,,364
ntu,2026-07-19T13:10:40+00:00,overall,2007,12.6,6.8,6.3,2.1,2.2,19.6,19.8,1.5,2.2,,"Oklahoma State University, Stillwater",United States of America,US,373,,365
ntu,2026-07-19T13:10:40+00:00,overall,2007,12.6,9.1,6.5,3.1,3.3,21.2,20.9,2.0,2.7,,Osaka City University,Japan,JP,373,,366
ntu,2026-07-19T13:10:40+00:00,overall,2007,12.5,9.7,7.6,3.6,2.9,23.2,20.9,1.3,3.1,,Kanazawa University,Japan,JP,377,,367
ntu,2026-07-19T13:10:40+00:00,overall,2007,12.5,9.8,6.2,3.7,2.7,23.9,20.9,2.5,2.8,,Swedish University of Agricultural Sciences,Sweden,SE,377,,368
ntu,2026-07-19T13:10:40+00:00,overall,2007,12.5,8.3,9.1,2.5,3.4,19.4,24.4,1.7,4.0,,University of Cape Town,South Africa,ZA,377,,369
ntu,2026-07-19T13:10:40+00:00,overall,2007,12.5,5.4,4.7,2.0,2.1,22.8,22.1,1.0,2.1,,University of Sherbrooke,Canada,CA,377,,370
ntu,2026-07-19T13:10:40+00:00,overall,2007,12.5,8.6,6.3,2.3,2.2,17.0,19.8,1.4,2.3,,University of Strathclyde,United Kingdom of Great Britain and Northern Ireland,GB,377,,371
ntu,2026-07-19T13:10:40+00:00,overall,2007,12.4,4.0,3.8,2.4,2.4,38.2,26.7,1.6,4.2,,New York Medical College,United States of America,US,383,,372
ntu,2026-07-19T13:10:40+00:00,overall,2007,12.4,6.9,5.4,2.0,2.3,17.8,22.1,1.9,2.5,,University of Hannover,Germany,DE,383,,373
ntu,2026-07-19T13:10:40+00:00,overall,2007,12.4,5.8,4.1,2.9,2.1,31.5,20.9,2.0,1.9,,University of Konstanz,Germany,DE,383,,374
ntu,2026-07-19T13:10:40+00:00,overall,2007,12.3,5.0,4.7,2.3,2.1,28.7,22.1,2.2,2.2,,University of New Hampshire,United States of America,US,387,,375
ntu,2026-07-19T13:10:40+00:00,overall,2007,12.2,5.9,5.3,1.9,1.9,20.5,18.6,1.7,2.3,,Brigham Young University,United States of America,US,388,,376
ntu,2026-07-19T13:10:40+00:00,overall,2007,12.2,14.5,17.2,1.9,4.5,8.1,20.9,1.4,5.4,,Nanyang Technological University,Singapore,SG,388,,377
ntu,2026-07-19T13:10:40+00:00,overall,2007,12.2,8.8,8.5,2.2,2.5,15.7,19.8,1.2,2.4,,University of Chile,Chile,CL,388,,378
ntu,2026-07-19T13:10:40+00:00,overall,2007,12.1,10.8,10.3,1.9,2.7,11.1,17.4,2.2,2.1,,City University of Hong Kong,Hong Kong,HK,392,,379
ntu,2026-07-19T13:10:40+00:00,overall,2007,12.1,8.1,8.2,2.0,3.3,15.7,19.8,1.2,2.5,,University of Santiago de Compostela,Spain,ES,392,,380
ntu,2026-07-19T13:10:40+00:00,overall,2007,12.0,4.6,5.9,1.9,2.2,26.4,19.8,1.2,2.4,,University College Cork,Ireland,IE,394,,381
ntu,2026-07-19T13:10:40+00:00,overall,2007,11.9,15.7,15.1,2.5,4.7,10.2,20.9,1.6,4.1,,Nanjing University,China,CN,395,,382
ntu,2026-07-19T13:10:40+00:00,overall,2007,11.9,5.6,5.0,2.2,2.0,24.9,22.1,1.4,1.7,,University of Cagliari,Italy,IT,395,,383
ntu,2026-07-19T13:10:40+00:00,overall,2007,11.9,5.1,5.8,2.4,2.7,29.3,23.3,1.3,2.8,,University of Verona,Italy,IT,395,,384
ntu,2026-07-19T13:10:40+00:00,overall,2007,11.8,9.0,7.9,2.2,1.8,15.4,16.3,1.3,2.2,,Auburn University,United States of America,US,398,,385
ntu,2026-07-19T13:10:40+00:00,overall,2007,11.8,9.6,9.6,2.6,3.5,17.0,22.1,1.7,3.1,,Jagiellonian University,Poland,PL,398,,386
ntu,2026-07-19T13:10:40+00:00,overall,2007,11.7,4.7,4.2,1.9,1.8,25.1,19.8,1.4,1.9,,Montana State University,United States of America,US,400,,387
ntu,2026-07-19T13:10:40+00:00,overall,2007,11.7,7.1,6.6,2.0,2.3,17.9,20.9,0.7,1.9,,University of Catania,Italy,IT,400,,388
ntu,2026-07-19T13:10:40+00:00,overall,2007,11.7,6.2,6.9,1.8,3.5,18.5,26.7,1.3,2.5,,University of Rostock,Germany,DE,400,,389
ntu,2026-07-19T13:10:40+00:00,overall,2007,11.7,7.1,6.9,2.3,2.9,20.4,23.3,1.0,2.9,,University of Siena,Italy,IT,400,,390
ntu,2026-07-19T13:10:40+00:00,overall,2007,11.6,10.7,7.1,3.1,2.7,18.2,20.9,2.3,2.7,,Chalmers University of Technology,Sweden,SE,404,,391
ntu,2026-07-19T13:10:40+00:00,overall,2007,11.6,7.3,6.3,2.2,2.7,18.7,20.9,2.0,3.5,,University of Twente,Netherlands,NL,404,,392
ntu,2026-07-19T13:10:40+00:00,overall,2007,11.5,9.6,13.7,1.8,4.2,11.8,23.3,1.2,3.5,,Sungkyunkwan University,"Korea, Republic of",KR,407,,393
ntu,2026-07-19T13:10:40+00:00,overall,2007,11.5,8.3,6.4,2.3,2.2,17.1,17.4,1.6,1.7,,University of Surrey,United Kingdom of Great Britain and Northern Ireland,GB,407,,394
ntu,2026-07-19T13:10:40+00:00,overall,2007,11.5,7.8,5.9,2.5,2.2,20.0,20.9,0.6,2.0,,University of Tokushima,Japan,JP,407,,395
ntu,2026-07-19T13:10:40+00:00,overall,2007,11.4,6.5,5.9,2.1,1.9,20.2,18.6,1.2,2.8,,Bar-Ilan University,Israel,IL,410,,396
ntu,2026-07-19T13:10:40+00:00,overall,2007,11.4,4.4,4.3,2.3,2.2,33.4,23.3,1.1,2.0,,Juntendo University,Japan,JP,410,,397
ntu,2026-07-19T13:10:40+00:00,overall,2007,11.4,4.7,5.1,1.8,1.8,23.6,20.9,1.3,2.3,,San Diego State University,United States of America,US,410,,398
ntu,2026-07-19T13:10:40+00:00,overall,2007,11.4,8.6,6.0,2.4,2.3,18.0,20.9,1.4,1.5,,Tokyo University of Science,Japan,JP,410,,399
ntu,2026-07-19T13:10:40+00:00,overall,2007,11.3,5.3,5.7,1.6,2.0,18.9,19.8,1.6,1.8,,Georgia State University,United States of America,US,414,,400
ntu,2026-07-19T13:10:40+00:00,overall,2007,11.3,7.4,6.1,2.3,2.1,19.5,19.8,1.3,2.4,,"The University of Newcastle, Australia",Australia,AU,414,,401
ntu,2026-07-19T13:10:40+00:00,overall,2007,11.3,6.2,4.3,2.3,2.1,23.4,22.1,2.1,1.2,,Tokyo Metropolitan University,Japan,JP,414,,402
ntu,2026-07-19T13:10:40+00:00,overall,2007,11.3,4.4,4.3,2.3,2.2,33.2,22.1,1.4,2.4,,University of Brescia,Italy,IT,414,,403
ntu,2026-07-19T13:10:40+00:00,overall,2007,11.3,6.6,5.6,2.0,2.4,19.4,23.3,1.2,1.9,,University of Oviedo,Spain,ES,414,,404
ntu,2026-07-19T13:10:40+00:00,overall,2007,11.2,5.3,5.1,1.8,1.8,21.2,18.6,1.3,2.0,,Macquarie University,Australia,AU,419,,405
ntu,2026-07-19T13:10:40+00:00,overall,2007,11.2,7.1,3.0,2.4,1.4,21.6,18.6,1.3,1.3,,University of Modena and Reggio Emilia,Italy,IT,419,,406
ntu,2026-07-19T13:10:40+00:00,overall,2007,11.2,5.4,7.0,1.6,2.5,18.9,20.9,0.8,2.2,,University of the Basque Country,Spain,ES,419,,407
ntu,2026-07-19T13:10:40+00:00,overall,2007,11.1,3.4,3.4,1.9,1.9,34.4,24.4,1.7,2.0,,Creighton University,United States of America,US,423,,408
ntu,2026-07-19T13:10:40+00:00,overall,2007,11.1,6.7,6.4,1.8,1.7,17.4,18.6,1.0,2.3,,Southern Illinois University,United States of America,US,423,,409
ntu,2026-07-19T13:10:40+00:00,overall,2007,11.1,6.2,5.3,1.8,2.0,18.0,18.6,1.3,2.4,,University of Bremen,Germany,DE,423,,410
ntu,2026-07-19T13:10:40+00:00,overall,2007,11.1,8.2,7.3,1.9,2.4,14.9,18.6,0.8,2.2,,University of Seville,Spain,ES,423,,411
ntu,2026-07-19T13:10:40+00:00,overall,2007,11.0,2.5,12.3,0.3,6.8,7.1,33.7,1.0,8.5,,Medical University of Vienna,Austria,AT,427,,412
ntu,2026-07-19T13:10:40+00:00,overall,2007,11.0,10.5,9.7,2.1,3.2,12.4,22.1,1.4,3.7,,National Tsing Hua University,"Taiwan, Republic of China",TW,427,,413
ntu,2026-07-19T13:10:40+00:00,overall,2007,11.0,7.1,6.0,1.8,1.9,16.3,20.9,0.8,2.3,,University of the Witwatersrand,South Africa,ZA,427,,414
ntu,2026-07-19T13:10:40+00:00,overall,2007,11.0,4.7,4.5,1.5,1.9,20.8,20.9,1.0,1.6,,University of Wyoming,United States of America,US,427,,415
ntu,2026-07-19T13:10:40+00:00,overall,2007,11.0,7.5,7.4,2.2,1.8,18.3,18.6,1.1,2.9,,West Virginia University,United States of America,US,427,,416
ntu,2026-07-19T13:10:40+00:00,overall,2007,10.9,7.6,6.8,2.1,2.4,17.6,18.6,1.0,2.4,,University of Zaragoza,Spain,ES,432,,417
ntu,2026-07-19T13:10:40+00:00,overall,2007,10.8,7.2,7.5,1.9,1.8,17.1,16.3,1.6,2.2,,Clemson University,United States of America,US,433,,418
ntu,2026-07-19T13:10:40+00:00,overall,2007,10.8,10.5,8.6,2.5,2.7,15.2,18.6,1.5,2.2,,Indian Institute of Science,India,IN,433,,419
ntu,2026-07-19T13:10:40+00:00,overall,2007,10.8,4.2,4.2,1.4,2.2,20.9,22.1,1.8,2.3,,University of Potsdam,Germany,DE,433,,420
ntu,2026-07-19T13:10:40+00:00,overall,2007,10.7,3.7,3.8,1.6,1.7,27.4,20.9,2.3,2.0,,Boston College,United States of America,US,436,,421
ntu,2026-07-19T13:10:40+00:00,overall,2007,10.7,4.6,3.4,1.5,1.3,19.9,20.9,1.4,0.8,,Brunel University,United Kingdom of Great Britain and Northern Ireland,GB,436,,422
ntu,2026-07-19T13:10:40+00:00,overall,2007,10.7,7.3,9.0,1.4,2.9,11.8,24.4,1.2,2.2,,Kyungpook National University,"Korea, Republic of",KR,436,,423
ntu,2026-07-19T13:10:40+00:00,overall,2007,10.7,5.6,4.7,1.8,1.6,20.1,17.4,0.7,1.3,,La Trobe University,Australia,AU,436,,424
ntu,2026-07-19T13:10:40+00:00,overall,2007,10.7,7.7,5.9,2.4,2.1,19.2,19.8,0.6,2.0,,Nagasaki University,Japan,JP,436,,425
ntu,2026-07-19T13:10:40+00:00,overall,2007,10.7,5.5,4.2,1.7,1.6,19.6,19.8,1.1,1.5,,University of L'Aquila,Italy,IT,436,,426
ntu,2026-07-19T13:10:40+00:00,overall,2007,10.7,5.8,4.8,1.8,1.8,19.3,17.4,0.8,1.9,,University of Tasmania,Australia,AU,436,,427
ntu,2026-07-19T13:10:40+00:00,overall,2007,10.6,4.6,3.7,1.7,1.7,23.8,22.1,2.0,1.3,,Kent State University,United States of America,US,443,,428
ntu,2026-07-19T13:10:40+00:00,overall,2007,10.6,6.3,4.4,1.6,1.8,16.1,20.9,1.1,1.2,,Tokyo University of Agriculture and Technology,Japan,JP,443,,429
ntu,2026-07-19T13:10:40+00:00,overall,2007,10.6,5.7,4.9,1.7,1.5,18.7,15.1,0.9,1.8,,University of Maine,United States of America,US,443,,430
ntu,2026-07-19T13:10:40+00:00,overall,2007,10.6,7.7,7.3,1.9,2.9,15.6,24.4,1.8,1.6,,Waseda University,Japan,JP,443,,431
ntu,2026-07-19T13:10:40+00:00,overall,2007,10.5,7.9,6.8,2.1,2.4,16.9,18.6,1.8,2.6,,Aalto University,Finland,FI,448,,432
ntu,2026-07-19T13:10:40+00:00,overall,2007,10.5,5.2,4.4,1.7,1.5,20.4,18.6,0.7,1.9,,Memorial University of Newfoundland,Canada,CA,448,,433
ntu,2026-07-19T13:10:40+00:00,overall,2007,10.5,5.9,4.5,2.4,1.8,25.4,19.8,1.2,1.9,,Tokai University,Japan,JP,448,,434
ntu,2026-07-19T13:10:40+00:00,overall,2007,10.5,5.5,4.8,1.9,1.4,21.8,15.1,1.1,1.6,,Utah State University,United States of America,US,448,,435
ntu,2026-07-19T13:10:40+00:00,overall,2007,10.4,5.4,7.0,1.1,2.6,13.0,22.1,1.0,2.1,,Chonnam National University,"Korea, Republic of",KR,452,,436
ntu,2026-07-19T13:10:40+00:00,overall,2007,10.4,8.2,7.1,2.1,2.6,15.8,18.6,1.6,2.3,,Darmstadt University of Technology,Germany,DE,452,,437
ntu,2026-07-19T13:10:40+00:00,overall,2007,10.4,2.6,2.1,1.5,1.1,36.2,19.8,1.4,0.9,,University of Fribourg,Switzerland,CH,452,,438
ntu,2026-07-19T13:10:40+00:00,overall,2007,10.4,5.3,4.1,2.0,2.7,23.4,23.3,0.8,1.5,,University of Graz,Austria,AT,452,,439
ntu,2026-07-19T13:10:40+00:00,overall,2007,10.4,2.1,3.7,0.7,2.1,21.4,24.4,1.0,1.6,,"University of London, Royal Holloway College",United Kingdom of Great Britain and Northern Ireland,GB,452,,440
ntu,2026-07-19T13:10:40+00:00,overall,2007,10.4,4.2,4.5,1.2,2.1,17.8,24.4,1.2,2.0,,University of Nantes,France,FR,452,,441
ntu,2026-07-19T13:10:40+00:00,overall,2007,10.3,8.1,8.6,1.8,2.4,14.1,18.6,0.9,2.4,,Federal University of Rio Grande do Sul,Brazil,BR,458,,442
ntu,2026-07-19T13:10:40+00:00,overall,2007,10.3,7.6,5.4,2.3,1.7,19.3,14.0,0.8,1.6,,Gifu University,Japan,JP,458,,443
ntu,2026-07-19T13:10:40+00:00,overall,2007,10.3,9.4,10.9,1.4,3.0,9.5,20.9,0.8,2.9,,Hanyang University,"Korea, Republic of",KR,458,,444
ntu,2026-07-19T13:10:40+00:00,overall,2007,10.3,5.9,4.6,1.7,1.8,18.2,16.3,0.8,1.1,,Technical University at Brunswick,Germany,DE,458,,445
ntu,2026-07-19T13:10:40+00:00,overall,2007,10.3,4.3,4.2,1.3,1.8,18.8,20.9,1.2,2.3,,University of Hull,United Kingdom of Great Britain and Northern Ireland,GB,458,,446
ntu,2026-07-19T13:10:40+00:00,overall,2007,10.3,4.7,4.1,1.4,1.7,18.6,20.9,1.0,2.0,,University of Idaho,United States of America,US,458,,447
ntu,2026-07-19T13:10:40+00:00,overall,2007,10.3,5.7,8.8,1.3,2.8,13.9,19.8,0.9,2.9,,University of Porto,Portugal,PT,458,,448
ntu,2026-07-19T13:10:40+00:00,overall,2007,10.2,3.4,3.5,1.5,1.7,26.8,19.8,1.5,1.0,,College of William and Mary,United States of America,US,465,,449
ntu,2026-07-19T13:10:40+00:00,overall,2007,10.2,4.5,5.5,1.3,1.9,18.2,22.1,1.6,2.0,,George Mason University,United States of America,US,465,,450
ntu,2026-07-19T13:10:40+00:00,overall,2007,10.2,7.2,6.5,2.1,2.3,18.2,19.8,1.8,1.8,,TU Wien,Austria,AT,465,,451
ntu,2026-07-19T13:10:40+00:00,overall,2007,10.1,7.7,5.4,2.4,2.1,19.5,17.4,0.4,1.7,,Gunma University,Japan,JP,468,,452
ntu,2026-07-19T13:10:40+00:00,overall,2007,10.1,11.0,11.3,1.6,2.2,9.2,15.1,1.0,2.7,,Hong Kong Polytechnic University,Hong Kong,HK,468,,453
ntu,2026-07-19T13:10:40+00:00,overall,2007,10.1,4.8,4.1,2.1,1.9,27.7,19.8,0.7,1.8,,Yokohama City University,Japan,JP,468,,454
ntu,2026-07-19T13:10:40+00:00,overall,2007,10.0,4.9,5.8,1.6,1.9,20.1,22.1,0.8,2.3,,Semmelweis University,Hungary,HU,471,,455
ntu,2026-07-19T13:10:40+00:00,overall,2007,10.0,6.2,5.1,1.7,2.5,17.2,23.3,1.6,1.3,,Technical University of Dortmund,Germany,DE,471,,456
ntu,2026-07-19T13:10:40+00:00,overall,2007,10.0,4.8,5.4,1.2,2.3,15.9,24.4,1.1,2.1,,University of Ioannina,Greece,GR,471,,457
ntu,2026-07-19T13:10:40+00:00,overall,2007,10.0,5.0,4.0,1.5,1.3,19.3,15.1,0.8,1.4,,University of Jyvaskyla,Finland,FI,471,,458
ntu,2026-07-19T13:10:40+00:00,overall,2007,9.9,7.7,8.3,1.4,2.3,11.7,20.9,0.7,2.3,,Federal University of Minas Gerais,Brazil,BR,476,,459
ntu,2026-07-19T13:10:40+00:00,overall,2007,9.9,6.5,6.9,1.9,2.5,18.2,23.3,0.8,2.2,,University of Palermo,Italy,IT,476,,460
ntu,2026-07-19T13:10:40+00:00,overall,2007,9.9,4.2,3.5,1.5,1.0,22.2,16.3,1.0,1.3,,University of Rhode Island,United States of America,US,476,,461
ntu,2026-07-19T13:10:40+00:00,overall,2007,9.8,5.5,5.2,1.4,1.7,15.6,17.4,0.6,1.8,,Massey University,New Zealand,NZ,479,,462
ntu,2026-07-19T13:10:40+00:00,overall,2007,9.8,8.0,7.4,1.6,2.0,12.7,16.3,0.3,2.0,,Nihon University,Japan,JP,479,,463
ntu,2026-07-19T13:10:40+00:00,overall,2007,9.8,6.4,9.9,1.1,3.3,10.3,24.4,1.3,3.1,,Sun Yat Sen University,China,CN,479,,464
ntu,2026-07-19T13:10:40+00:00,overall,2007,9.8,4.2,5.2,1.2,1.5,18.5,18.6,0.8,1.8,,"University of Puerto Rico, Rio Piedras",United States of America,US,479,,465
ntu,2026-07-19T13:10:40+00:00,overall,2007,9.8,7.1,7.0,1.1,2.0,9.4,20.9,0.8,1.1,,University of Zagreb,Croatia,HR,479,,466
ntu,2026-07-19T13:10:40+00:00,overall,2007,9.7,8.6,11.7,1.2,3.1,9.0,20.9,0.9,2.5,,Jilin University,China,CN,484,,467
ntu,2026-07-19T13:10:40+00:00,overall,2007,9.7,4.8,3.6,1.8,1.9,23.2,20.9,0.6,1.2,,Nagoya City University,Japan,JP,484,,468
ntu,2026-07-19T13:10:40+00:00,overall,2007,9.7,9.9,10.6,1.4,2.1,9.1,15.1,0.5,1.7,,Sao Paulo State University,Brazil,BR,484,,469
ntu,2026-07-19T13:10:40+00:00,overall,2007,9.7,5.0,5.5,1.6,2.4,19.9,20.9,0.9,2.1,,University of Crete,Greece,GR,484,,470
ntu,2026-07-19T13:10:40+00:00,overall,2007,9.6,4.4,4.3,1.4,1.5,19.5,17.4,0.7,1.6,,Ohio University,United States of America,US,488,,471
ntu,2026-07-19T13:10:40+00:00,overall,2007,9.5,7.0,3.3,2.2,1.3,20.3,17.4,1.0,1.8,,Otto von Guericke University of Magdeburg,Germany,DE,490,,472
ntu,2026-07-19T13:10:40+00:00,overall,2007,9.5,2.9,2.6,1.0,1.1,21.8,18.6,0.8,0.7,,Southern Methodist University,United States of America,US,490,,473
ntu,2026-07-19T13:10:40+00:00,overall,2007,9.5,4.5,4.2,1.6,1.9,22.2,19.8,1.4,1.5,,"University of Alaska, Fairbanks",United States of America,US,490,,474
ntu,2026-07-19T13:10:40+00:00,overall,2007,9.5,5.5,7.3,1.1,2.1,12.3,19.8,1.1,3.1,,University of Central Florida,United States of America,US,490,,475
ntu,2026-07-19T13:10:40+00:00,overall,2007,9.5,9.6,8.4,1.9,2.4,12.4,17.4,1.0,1.9,,University of Ljubljana,Slovenia,SI,490,,476
ntu,2026-07-19T13:10:40+00:00,overall,2007,9.5,4.5,4.0,1.5,1.6,21.2,18.6,0.8,1.7,,University of Udine,Italy,IT,490,,477
ntu,2026-07-19T13:10:40+00:00,overall,2007,9.4,2.1,2.7,1.0,2.3,28.9,25.6,0.9,0.7,,International School for Advanced Studies,Italy,IT,498,,478
ntu,2026-07-19T13:10:40+00:00,overall,2007,9.4,4.3,4.6,1.4,1.8,19.9,18.6,0.9,1.6,,James Cook University of North Queensland,Australia,AU,498,,479
ntu,2026-07-19T13:10:40+00:00,overall,2007,9.4,2.6,2.9,1.1,1.4,27.3,18.6,1.6,1.5,,University of Montana,United States of America,US,498,,480
